text,retweet_count,reply_count,tweet_id,tweet_coord,latitudes,longitudes,tweet_created_date,tweet_created_time
"@AmericanAir , I was told my flights 2516 &amp; 2244 was Cancelled Flightled. But I don't seem to have any date/time changes. I've been waiting for a call",2,25,569832383991525377,"[27.69540747, -97.34836874]",27.69540747,-97.34836874,2015-02-23,4:13:21
@AmericanAir .. UMM hello?,0,19,569839118093398016,"[27.69523415, -97.34856142]",27.69523415,-97.34856142,2015-02-23,4:40:07
"@AmericanAir 's computer systems are down, can't leave without a flight plan! Any ETA, American air?",3,28,569645350379757568,"[35.2176668, -80.9426912]",35.2176668,-80.9426912,2015-02-22,15:50:09
"@AmericanAir @Active_Aly thx. We have already been on the iberia website, and seat reservation is unavailable. Hopefully we can call them.",2,37,569841254655270912,"[25.8058716, -80.1255332]",25.8058716,-80.1255332,2015-02-23,4:48:36
@AmericanAir @Nashinmypants lmao this is so funny,0,16,569736283326586880,"[33.5333555, -112.1827159]",33.5333555,-112.1827159,2015-02-22,21:51:29
@AmericanAir @pbpinftworth iPhone 6 64GB (not 6 plus),1,50,570292403309035520,"[32.82813261, -97.25115941]",32.82813261,-97.25115941,2015-02-24,10:41:19
@AmericanAir @pbpinftworth iPhone 6 64GB (not 6 plus),1,42,570292403309035520,"[32.82813261, -97.25115941]",32.82813261,-97.25115941,2015-02-24,10:41:19
@AmericanAir @RLDelahunty record l#oaaret got email we couldn't get rescheduled on another flight but don't know if flight is Cancelled Flightled,0,6,569880005729067008,"[37.93663309, -107.81820588]",37.93663309,-107.8182059,2015-02-23,7:22:35
"@AmericanAir #AmericanView
The view of Oregon from seat 31F, flight AA1469 2/22/15 http://t.co/t9JBN9WZtq",2,2,569925940224139264,"[30.441566, -84.281745]",30.441566,-84.281745,2015-02-23,10:25:07
@AmericanAir #horriblecustomerservice # rudestaff # incompetentmanagers,0,40,569866310793826304,"[33.9424824, -118.4066757]",33.9424824,-118.4066757,2015-02-23,6:28:10
@AmericanAir #oaaret is our flight Cancelled Flightled?,5,6,569880215079428096,"[37.93882337, -107.82065521]",37.93882337,-107.8206552,2015-02-23,7:23:25
"@AmericanAir 245. I'm about to take off but one of your reps at a different gate was rude when I asked for assistance. Thanks, though.",0,14,569618371148443649,"[38.85482856, -77.04128223]",38.85482856,-77.04128223,2015-02-22,14:02:57
@AmericanAir a free check bag a food comp a flying credit something to help out now that I'm an additional 200 dollars in the hole,2,4,570002269577441280,"[35.17263842, -89.769988]",35.17263842,-89.769988,2015-02-23,15:28:25
@AmericanAir a friend is having flight Cancelled Flightlations out of LAX to CMH on Feb 23. Anyway to help her? 800 number has been no help,2,21,569591700416393216,"[40.46692522, -82.64567078]",40.46692522,-82.64567078,2015-02-22,12:16:58
@AmericanAir AA2416 on time and awesome flight. Great job American!,5,41,569621883282280448,"[25.79101279, -80.28861743]",25.79101279,-80.28861743,2015-02-22,14:16:54
"@AmericanAir after running from one flight, because we had 10 mins, to our next flight, we then sat on our plane for an hour.",1,10,570116329694310400,"[32.91792297, -97.00367737]",32.91792297,-97.00367737,2015-02-23,23:01:39
@AmericanAir and just bad cs! I will be back on @JetBlue  at least when you stuck they look out for you and apologize for any trouble,1,10,570002679142854656,"[35.17266822, -89.76993377]",35.17266822,-89.76993377,2015-02-23,15:30:03
@AmericanAir appreciate it!!,5,27,570101803708080128,"[32.89959729, -97.03558888]",32.89959729,-97.03558888,2015-02-23,22:03:56
@AmericanAir Are you kidding? You don't think I've done that?? I've called dozens of times &amp; it tells me to call back &amp; hangs up.,5,17,569622243526909952,"[32.9760867, -96.53332214]",32.9760867,-96.53332214,2015-02-22,14:18:20
"@AmericanAir as of now, will do my best to never fly w/ #AmericanAirlines ever again. Y'all have made this a day to remember.",4,8,569893516609847297,"[33.43064352, -112.04521474]",33.43064352,-112.0452147,2015-02-23,8:16:17
@AmericanAir been calling for over 24hrs now and getting no where but told to call back by the automated system is extremely frustrating,1,33,569934076641030146,"[39.60778027, -105.95470209]",39.60778027,-105.9547021,2015-02-23,10:57:27
"@AmericanAir Call me Chairman, or call me Emerald. After what you did today to me, you can call me a former customer.",4,33,569589959088173056,"[32.9070889, -97.03785947]",32.9070889,-97.03785947,2015-02-22,12:10:03
@AmericanAir Can I get some assistance? Flight Cancelled Flightled (today) from PHX to DFW. Not that I'm hating. But my job is concerned,4,26,569849818694037504,"[33.55192892, -112.07392397]",33.55192892,-112.073924,2015-02-23,5:22:38
@AmericanAir can't get thru to anyone on phone,5,25,569883077289181184,"[37.93609081, -107.81826687]",37.93609081,-107.8182669,2015-02-23,7:34:48
"@AmericanAir checked in at Des Moines, lay over in ORD, final destination Austin, Texas.  Baggage was only checked to ORD.",5,18,570119444451745792,"[30.32398902, -97.71081198]",30.32398902,-97.71081198,2015-02-23,23:14:02
@AmericanAir Could have voided the ticket since it was &gt; 24hrs since Flight Booking Problems. Are you going to waive the fees? Still can't get through.,4,9,569884644893532161,"[37.77414482, -122.43628588]",37.77414482,-122.4362859,2015-02-23,7:41:01
"@AmericanAir Define ""sincerely"". Your actions do not reflect what you're saying in a poor attempt to redeem yourselves on social media.",5,21,569926212400709632,"[33.43417698, -111.99680158]",33.43417698,-111.9968016,2015-02-23,10:26:12
"@AmericanAir depends on the terminal, what' the best option? Arrive C, depart A. Breakfast burrito is what I'm craving.. Any update on 1119?",5,2,570226471941251072,"[39.29381252, -94.71144036]",39.29381252,-94.71144036,2015-02-24,6:19:19
@AmericanAir DM me and I can explain the whole story. I should have been on an earlier flight not US1937,2,50,570242420643917824,"[27.97575376, -82.53714356]",27.97575376,-82.53714356,2015-02-24,7:22:42
@AmericanAir DM sent,0,26,569930406591664128,"[39.91337753, -75.3408263]",39.91337753,-75.3408263,2015-02-23,10:42:52
@AmericanAir DM sent. Answer me please,3,37,569677848983801856,"[35.23776431, -80.92233988]",35.23776431,-80.92233988,2015-02-22,17:59:17
@AmericanAir do you offer group pricing discounts by any chance?,4,46,570249435029970945,"[28.02034806, -82.52234293]",28.02034806,-82.52234293,2015-02-24,7:50:34
@AmericanAir finally about to take off! Thanks for the customer service by the g8 reps @ c17 @ CTL. Any idea what caused the system failure?,3,17,569663701017624576,"[35.20493157, -80.92540817]",35.20493157,-80.92540817,2015-02-22,17:03:04
@AmericanAir fix the engine of flight AA3031so I don't spend all night in your airport so I can fly home tomorrow,0,7,569600291290656768,"[33.64199395, -84.44238523]",33.64199395,-84.44238523,2015-02-22,12:51:06
@AmericanAir flight Cancelled Flightled and was trying to reschedule but 800 number just says to call back,4,15,569915269767757824,"[39.60813937, -105.9548521]",39.60813937,-105.9548521,2015-02-23,9:42:43
"@AmericanAir followed. I tried to @USAirways record locator number, gave me an error code",3,45,569916590814203904,"[32.78951797, -96.79891462]",32.78951797,-96.79891462,2015-02-23,9:47:58
@AmericanAir for my delay and you know what I get a we don't credit anybody back a supervisor who cut me off when speaking,1,15,570002432375148544,"[35.1728241, -89.76989935]",35.1728241,-89.76989935,2015-02-23,15:29:04
@AmericanAir FYI...call stilling getting dropped.  After an hour of continuous dialing. Attempted to Cancelled Flight online but not able to. HELP!!!,0,20,569944281512685570,"[34.0213466, -118.45229268]",34.0213466,-118.4522927,2015-02-23,11:38:00
@AmericanAir FYI...call stilling getting dropped.  After an hour of continuous dialing. Attempted to Cancelled Flight online but not able to. HELP!!!,4,0,569944281512685570,"[34.0213466, -118.45229268]",34.0213466,-118.4522927,2015-02-23,11:38:00
@AmericanAir Gabriela in Miami is a very rude employee.Working the MIA-LGA check In. She made experience unpleasant.  #customerexperience,4,35,570036327825195008,"[25.79667815, -80.28050395]",25.79667815,-80.28050395,2015-02-23,17:43:45
@AmericanAir Got my bags this morning! Thanks!,5,2,569718162595426304,"[24.55401318, -81.80300774]",24.55401318,-81.80300774,2015-02-22,20:39:29
@AmericanAir Great - thank you.,3,11,569696039914971136,"[30.33730037, -97.74637026]",30.33730037,-97.74637026,2015-02-22,19:11:35
"@AmericanAir Great, thanks. Followed.",0,6,570299824760860672,"[37.78618135, -122.45742542]",37.78618135,-122.4574254,2015-02-24,11:10:48
"@AmericanAir Great, thanks. Followed.",3,15,570299824760860672,"[37.78618135, -122.45742542]",37.78618135,-122.4574254,2015-02-24,11:10:48
@AmericanAir HELP! Attempting to Cancelled Flight a flight but can't get thru 800 number. Call gets dropped when saying Agent. flight is 2/24.,5,20,569929141962698752,"[34.02389944, -118.45541773]",34.02389944,-118.4554177,2015-02-23,10:37:50
@AmericanAir Hey Becky Piela at the Orange County airport has been really kind and helpful with rescheduling our flight!,3,29,569962686219288576,"[33.66642719, -117.88328444]",33.66642719,-117.8832844,2015-02-23,12:51:08
@AmericanAir hi there flight from Dallas just Cancelled Flightled going to LA. Can u pls help rebook me?,4,10,569966826639110147,"[32.90431463, -97.03489789]",32.90431463,-97.03489789,2015-02-23,13:07:35
"@AmericanAir I already landed! But, if you still care it was 1891. Thanks for the help though!, do you k ow what caused the failure?",5,47,569701848476745728,"[30.2772503, -81.38732586]",30.2772503,-81.38732586,2015-02-22,19:34:39
@AmericanAir I do not need an apology. I need you to fix it in a competent manner.,5,28,569864791323320320,"[33.9424793, -118.4066936]",33.9424793,-118.4066936,2015-02-23,6:22:08
@AmericanAir I ended up on a flight to LA my fourth time on standby. Thanks! http://t.co/NA5G5EAKPA,2,50,569671087820111872,"[33.93871373, -118.40746172]",33.93871373,-118.4074617,2015-02-22,17:32:25
@AmericanAir I had booked online but unable to Cancelled Flight online. But finally got thru.,2,32,569962901601005569,"[34.02153389, -118.45231518]",34.02153389,-118.4523152,2015-02-23,12:51:59
@AmericanAir I have never on all my trips on any airline ever nat'l or int'l ever experienced anything like this!,1,47,569596515510956032,"[33.93939612, -118.38973148]",33.93939612,-118.3897315,2015-02-22,12:36:06
@AmericanAir I have not. There's no option for even getting a call back!,4,27,569660558112239616,"[34.02148779, -118.50289643]",34.02148779,-118.5028964,2015-02-22,16:50:35
@AmericanAir I have to miss a whole days worth of work tomorrow but I'm suree you guys don't care,3,31,570003097554006016,"[35.17267919, -89.77001941]",35.17267919,-89.77001941,2015-02-23,15:31:43
@AmericanAir I need assistance reFlight Booking Problems a flight from dfw to lit,1,48,570027031326535680,"[36.29164025, -94.11796975]",36.29164025,-94.11796975,2015-02-23,17:06:49
@AmericanAir I need some help. My record locator is bringing up TWO different flights in your system. One op by AA &amp; one from US Airways.,5,29,569924772349538304,"[39.91370182, -75.3405344]",39.91370182,-75.3405344,2015-02-23,10:20:29
@AmericanAir I need to be back home tomorrow and no one is helping me. Please help me rebook for a flight tomorrow!,3,22,569864689452077058,"[32.79397552, -96.80477419]",32.79397552,-96.80477419,2015-02-23,6:21:44
@AmericanAir I need to order a special meal and I can't reach AA. Been on hold for over 2 hours,5,38,569618972535959552,"[15.1659317, 120.5830548]",15.1659317,120.5830548,2015-02-22,14:05:20
@AmericanAir I need to rebook and I cannot get an agent. Can you help?,2,4,569916664130637825,"[28.35144756, -81.54358392]",28.35144756,-81.54358392,2015-02-23,9:48:15
@AmericanAir I will never fly with you guys again! I am stuck in memphis another day. Called to be credit something anything,1,18,570002051108769792,"[35.17279513, -89.76980671]",35.17279513,-89.76980671,2015-02-23,15:27:33
@AmericanAir I've witnessed a manager named Denise yell at 2 different customers with my same issue. #rude,4,18,569868201720287232,"[33.9424834, -118.4066885]",33.9424834,-118.4066885,2015-02-23,6:35:41
"@AmericanAir If it's in my backpack, why do I need to see agent?",1,10,570057784114302977,"[32.92215312, -96.97563515]",32.92215312,-96.97563515,2015-02-23,19:09:01
@AmericanAir If the flight I selected online was what was ticketed I would not be missing my connection. I need help getting to DFW or IAH!!,0,39,570233809129467905,"[27.97628758, -82.53727303]",27.97628758,-82.53727303,2015-02-24,6:48:29
@AmericanAir is this how you let your employees treat your loyal customers? #attackingbabymomma #crazinessintherockies,0,36,569604083507556353,"[38.538038, -106.9370467]",38.538038,-106.9370467,2015-02-22,13:06:10
"@AmericanAir it would be awfully nice if you could send an alert when my flight is Cancelled Flighted. No text, no email, no love...",1,5,569865022031015937,"[35.09721018, -89.89624696]",35.09721018,-89.89624696,2015-02-23,6:23:03
@AmericanAir Joanne from your San Diego staff was phenomenal! Give that girl a raise. She handled our #flightnightmare better than anyone.,4,19,570081679844319232,"[32.9176348, -97.0163282]",32.9176348,-97.0163282,2015-02-23,20:43:58
@americanair line of 100+ people to rebook at MIA now. Virtual hold on rebook line just hangs up during call back. http://t.co/Upaz1eF3Dl,3,1,569704597922557952,"[25.7977857, -80.2809721]",25.7977857,-80.2809721,2015-02-22,19:45:35
"@AmericanAir lost my wife's luggage and nobody gives you and answer, all they say is go here or call there.",1,8,569641785347059712,"[32.9272165, -97.0396313]",32.9272165,-97.0396313,2015-02-22,15:35:59
@AmericanAir Mold on my flight?!? US3825 #filthyplane #hopeidonotgetsick http://t.co/zIK2UoXGnW,3,8,570306715599695874,"[35.22643463, -80.93879965]",35.22643463,-80.93879965,2015-02-24,11:38:11
@AmericanAir Mold on my flight?!? US3825 #filthyplane #hopeidonotgetsick http://t.co/zIK2UoXGnW,0,6,570306715599695874,"[35.22643463, -80.93879965]",35.22643463,-80.93879965,2015-02-24,11:38:11
@AmericanAir more of the insane treatment by your customers,0,41,569604243226652672,"[38.5369071, -106.9349375]",38.5369071,-106.9349375,2015-02-22,13:06:48
@AmericanAir my flight 1106 was Cancelled Flightled and I need to get back to Cleveland. What are my options?,3,5,569860082965426176,"[32.79401294, -96.80478711]",32.79401294,-96.80478711,2015-02-23,6:03:25
@AmericanAir need2know if Ill be able to reach IND today.Rather stay in MAF that fly to DFW &amp; find out I can't travel http://t.co/gVgKHbx1RB,3,50,569967441591144450,"[31.93684422, -102.20753682]",31.93684422,-102.2075368,2015-02-23,13:10:02
"@AmericanAir no repair made to the water line. No potable water on board this flight. ""We will take off soon."" Time for new planes MCI&gt;DFW.",3,12,570230559693078528,"[39.29951964, -94.71192112]",39.29951964,-94.71192112,2015-02-24,6:35:34
"@AmericanAir Not only was 5418 Late Flight, but we've been boarded and waiting for over 30min. WTF?",0,1,569599116403036160,"[32.90771571, -97.04233322]",32.90771571,-97.04233322,2015-02-22,12:46:26
"@AmericanAir nothing to do with Mother Nature, more like poor commutation.",2,50,570114451120074752,"[32.91792297, -97.00367737]",32.91792297,-97.00367737,2015-02-23,22:54:12
@AmericanAir ok no worries. Thanks for the straight story. It's appreciated.,4,17,569717037464838144,"[33.94207019, -118.39427775]",33.94207019,-118.3942778,2015-02-22,20:35:01
@AmericanAir on our way now,5,37,570082819025838080,"[39.8893997, -75.219676]",39.8893997,-75.219676,2015-02-23,20:48:30
@AmericanAir one staff on desk. Now been queuing for over an hr.,0,1,569701794567163905,"[32.89840957, -97.04456259]",32.89840957,-97.04456259,2015-02-22,19:34:27
@AmericanAir please get it together and find my husbands luggage! You're ruining his ski trip to Aspen! 3rd day no luggage.,0,5,569951566784045058,"[35.46005368, -80.68267946]",35.46005368,-80.68267946,2015-02-23,12:06:57
@AmericanAir plz kys I have been sitting in this plane for an hour I want to leave,3,29,569691772000931840,"[39.85437802, -104.67127565]",39.85437802,-104.6712757,2015-02-22,18:54:37
@AmericanAir RDU Customer Service is awesome. Thanks! Give em all bonuses.,1,39,569625356942098432,"[35.87912533, -78.79162128]",35.87912533,-78.79162128,2015-02-22,14:30:42
@AmericanAir record locator oaaret got email we couldn't be rebooked but got no notification flight was Cancelled Flightled,2,12,569880482109739009,"[37.93885695, -107.82069276]",37.93885695,-107.8206928,2015-02-23,7:24:29
"@AmericanAir seriously, I do not want to wait 24 hours for a flight when I have to prepare for a family funeral.",0,22,569697809017864193,"[32.89873575, -97.04452633]",32.89873575,-97.04452633,2015-02-22,19:18:36
"@AmericanAir thank you AA, this is how I always start my vacations http://t.co/dzKc3auZU9",2,50,570224421194964992,"[33.8143379, -116.53572408]",33.8143379,-116.5357241,2015-02-24,6:11:10
"@AmericanAir thank you, truly appreciate the help, just sent a DM",1,33,569973105075990528,"[39.57991628, -105.94147157]",39.57991628,-105.9414716,2015-02-23,13:32:32
@AmericanAir thanks,2,46,569720491830878208,"[35.2376587, -80.92256446]",35.2376587,-80.92256446,2015-02-22,20:48:44
@AmericanAir thanks for telling me my flight got Cancelled Flightled when it wasn't. Now I have a missing luggage because of you. Thanks fam!,0,27,569950766485540864,"[32.90425138, -97.02805207]",32.90425138,-97.02805207,2015-02-23,12:03:46
@AmericanAir The bad weather wasn't a surprise! You should have double/triple staff on hand to handle calls. Way to treat your customers.,5,47,569608446586200064,"[32.97609561, -96.53349238]",32.97609561,-96.53349238,2015-02-22,13:23:31
@AmericanAir the flight I'm trying to change is in 4 hours and I've been trying to reach an agent for 72 now. THIS IS UNBELIEVABLE.,4,4,569903058299199488,"[34.10909961, -118.32361693]",34.10909961,-118.3236169,2015-02-23,8:54:12
@AmericanAir there is two hour wait,3,2,569883153231257601,"[37.93644673, -107.81832713]",37.93644673,-107.8183271,2015-02-23,7:35:06
@AmericanAir this has happens so many times. It's just upsetting to see how poorly an airline treats their customers,2,39,569744516715913216,"[33.40901961, -111.90976239]",33.40901961,-111.9097624,2015-02-22,22:24:12
@AmericanAir this is a big company should be happy to do something for a customer when now it's costing more for delays oh and did I mention,2,30,570002971678756865,"[35.17282894, -89.76988366]",35.17282894,-89.76988366,2015-02-23,15:31:13
@AmericanAir this is awful customer service.,3,50,569665260375793664,"[34.02109254, -118.50287086]",34.02109254,-118.5028709,2015-02-22,17:09:16
@AmericanAir ticks me off.,2,50,569711923148689408,"[21.32879526, -157.91846558]",21.32879526,-157.9184656,2015-02-22,20:14:41
@AmericanAir two Cancelled Flightled LGA flights. Both by @Delta took off. Looks like I have a new carrier @Delta!,1,35,570017101097934849,"[35.87658269, -78.79254351]",35.87658269,-78.79254351,2015-02-23,16:27:21
@AmericanAir VERY upset that I cannot select seats for Tuesday flight online or over the phone. Terrible customer service :( Please help!,2,35,569673758501412865,"[25.8058656, -80.1260481]",25.8058656,-80.1260481,2015-02-22,17:43:02
@AmericanAir Waiting an hour now for a pilot AA3688. Is there a pilot in the house at DFW?,5,13,570249520736374785,"[32.8968169, -97.0618222]",32.8968169,-97.0618222,2015-02-24,7:50:55
"@AmericanAir we then had to deplane, and change planes.",3,4,570116595193810945,"[32.91792297, -97.00367737]",32.91792297,-97.00367737,2015-02-23,23:02:43
"@AmericanAir we're on AA1401 landed at 8:55pm in Miami, but waiting for a gate. Can someone on your team help us out?!",0,18,569686237478572032,"[25.79939784, -80.27038889]",25.79939784,-80.27038889,2015-02-22,18:32:37
@AmericanAir we've been on hold for hours.,4,17,569593346223579137,"[35.22534456, -106.57241352]",35.22534456,-106.5724135,2015-02-22,12:23:30
@AmericanAir what response? Is our flight out of Montrose Cancelled Flightled or not?,2,33,569892686624198657,"[37.93712278, -107.81800496]",37.93712278,-107.818005,2015-02-23,8:12:59
@AmericanAir When did they start to sell water @AdmiralsClub ?,5,25,569821309137514496,"[25.79729334, -80.28082058]",25.79729334,-80.28082058,2015-02-23,3:29:21
@americanair why am I not being given a callback option??! Why has this service been turned off?,5,7,569912213068066816,"[34.10971017, -118.32188864]",34.10971017,-118.3218886,2015-02-23,9:30:34
@AmericanAir worst experience ever. @VirginAmerica all the way!,2,28,569869892960133120,"[33.9424707, -118.4066671]",33.9424707,-118.4066671,2015-02-23,6:42:24
@AmericanAir would it be possible to change my flight on your website? Many thanks,5,39,569913796875161600,"[10.42269832, -75.54540857]",10.42269832,-75.54540857,2015-02-23,9:36:52
@AmericanAir you can tweet but not call! You're like a bad boyfriend!,2,24,569919625640615936,"[34.09822952, -118.34307851]",34.09822952,-118.3430785,2015-02-23,10:00:02
@JetBlue 266 at LGB in Sunny So Cal http://t.co/V015PK7DSi,4,4,568944962311626752,"[33.8117407, -118.1628]",33.8117407,-118.1628,2015-02-20,17:27:04
@JetBlue and a HUGE thanks to the crew on flight 1348 who flew in to DCA from SJU Monday night in the snow so we could have a plane!!!,3,41,568041225174953985,"[18.22245647, -63.00369733]",18.22245647,-63.00369733,2015-02-18,5:35:56
"@jetblue as courtesy to Mosaic members or anyone, a request for water should be attended promptly. Daniel in flight 1557, should know better",2,16,569847066555498496,"[26.0713458, -80.146874]",26.0713458,-80.146874,2015-02-23,5:11:42
@JetBlue can I switch my seat for my trip on Sunday?,1,8,568855090930429952,"[37.40321679, -121.96988433]",37.40321679,-121.9698843,2015-02-20,11:29:57
"@JetBlue dropping passengers with small baby and 3 infants at your San Juan terminal. As unloading baby, officer writes me ticket for $75",3,12,567845089508233217,"[18.4465457, -66.28316651]",18.4465457,-66.28316651,2015-02-17,16:36:34
"@JetBlue Great flight, as always! Thank you to the great crew on flight 475! #travel #jetblue",3,1,568066927723212800,"[28.4261453, -81.2998841]",28.4261453,-81.2998841,2015-02-18,7:18:04
@JetBlue how can we get help with a hotel we booked with you and are having issues with.,3,0,568393752596717568,"[33.81391813, -117.92216895]",33.81391813,-117.922169,2015-02-19,4:56:45
@JetBlue I was returning from @FoodNetwork #SOBEWFF so I had limited carry on space in my tummy. Next flight I'll try that snack!,2,2,570232676491202561,"[34.02761838, -118.49646336]",34.02761838,-118.4964634,2015-02-24,6:43:59
@JetBlue it will be glowing. Your crew and your aircraft sparkled. You guys know about @nokidhungry right? Might be a good partnership:),4,4,570233869212856320,"[34.02763089, -118.49627894]",34.02763089,-118.4962789,2015-02-24,6:48:43
@JetBlue last sleep in Cali... back to JFK tomorrow night.  Looking forward to an another amazing flight with you all :),0,26,569741756968919040,"[33.7008468, -118.0192094]",33.7008468,-118.0192094,2015-02-22,22:13:14
"@JetBlue lipstick on a pig still a pig. Ur new baggage claim @ SJU is a disaster. No chairs, 20 mins+ wait for baggage. #fail",2,32,569275580543320064,"[18.43615031, -66.00573829]",18.43615031,-66.00573829,2015-02-21,15:20:49
"@JetBlue no one yet but some, fl 8162",4,46,569844102239531008,"[13.07761455, -59.60542973]",13.07761455,-59.60542973,2015-02-23,4:59:55
@JetBlue not an issue but I think training &amp; information would help. Great ppl but service needs to switch from individual to group better,1,32,569835633147056128,"[13.07787514, -59.6049865]",13.07787514,-59.6049865,2015-02-23,4:26:16
@JetBlue on flight 622 from Nassau to JFK. Not showing Cancelled Flightled yet but assuming it will be? Any info?,3,3,569496729755652098,"[25.05152514, -77.46620117]",25.05152514,-77.46620117,2015-02-22,5:59:35
@JetBlue our flight out no Tv. Now our flight back not seated together. B6 620. Maybe our fault still no fun.,1,18,569571731649667072,"[32.73346632, -117.20410937]",32.73346632,-117.2041094,2015-02-22,10:57:37
"@JetBlue planning on it!  Btw, excellent service and crew from DCA through SJU into SXM!!!!!",4,44,568041051182616576,"[18.22245647, -63.00369733]",18.22245647,-63.00369733,2015-02-18,5:35:14
"@JetBlue shout out to the crew on flight 89 headed back to the big apple, they kept my glass half full the whole flight! #jetbluejfk",0,25,567903653933101056,"[32.73130971, -117.20222555]",32.73130971,-117.2022256,2015-02-17,20:29:16
@JetBlue thanks for getting me to Orlando early #happiness,2,18,569154503188070400,"[28.42301907, -81.29654204]",28.42301907,-81.29654204,2015-02-21,7:19:42
@JetBlue Thanks! Her flight leaves at 2 but she's arriving to the airport early. Wedding is in VT in Sept. Grateful you fly to BTV!! :),4,15,567671602280923136,"[32.07301184, -81.09362691]",32.07301184,-81.09362691,2015-02-17,5:07:11
@JetBlue tried them not helpful. Really dissatisfied with Flight Booking Problems my whole trip with jet blue this time around besides the flights.,1,21,568400096586395649,"[33.81346953, -117.91426571]",33.81346953,-117.9142657,2015-02-19,5:21:58
@JetBlue we were on b6 619 this morning from Boston to beautiful San Diego. We really were bummed the satellite was broken. :(,5,29,567842661463240704,"[32.99815682, -117.17405196]",32.99815682,-117.174052,2015-02-17,16:26:55
@JetBlue where exactly can I leave a note,5,11,567852550512181248,"[18.44643543, -66.28345755]",18.44643543,-66.28345755,2015-02-17,17:06:12
"@JetBlue why yes, yes it does!!!!  Great trip down!! Thanks for the lift!!!!",5,1,568039128001937408,"[18.22245747, -63.00369895]",18.22245747,-63.00369895,2015-02-18,5:27:36
@JetBlue your blue helped bring out the color of my eyes. And I promise I didn't eat all the free snacks.,1,4,570231750959329280,"[34.02764112, -118.49636416]",34.02764112,-118.4963642,2015-02-24,6:40:18
@SouthwestAir  flying Southwest for the first time to LGA with a layover in Atlanta!,4,26,568801542322548737,"[26.08232307, -80.16234879]",26.08232307,-80.16234879,2015-02-20,7:57:10
@SouthwestAir @coachGS what's even better is the price changed in the 2 minutes since I talked to the lady and they still honored the cheap1,1,29,569894088209596416,"[32.85744983, -97.03548311]",32.85744983,-97.03548311,2015-02-23,8:18:33
"@SouthwestAir aww thanks!! Other than that, love it!",1,15,568416519073468416,"[28.43585235, -81.30356273]",28.43585235,-81.30356273,2015-02-19,6:27:13
"@SouthwestAir BTW I was completely unable to buy wifi for my flight using Galaxy S4. Couldn't zoom out or scroll to touch ""Buy""",4,24,569591945816772608,"[30.27027027, -97.74064527]",30.27027027,-97.74064527,2015-02-22,12:17:57
"@SouthwestAir couldn't make flight, funds forfeited as a no show!! Was trying to book another flight using those funds, I'm out.",1,3,568804291755945984,"[33.1973379, -96.7573509]",33.1973379,-96.7573509,2015-02-20,8:08:05
"@SouthwestAir delayed twice now Cancelled Flighted...sent complaint email, yet no response.  Need an explanation pls. #notsatisfied #smh #unhappy",2,4,569937119411462144,"[32.7156489, -117.1556388]",32.7156489,-117.1556388,2015-02-23,11:09:32
@SouthwestAir Did yall get rid of the Austin to Cabo flights all together? There's zero non-stop in Aug and Sept,2,8,568550726311346177,"[30.20650347, -97.74889927]",30.20650347,-97.74889927,2015-02-19,15:20:30
@SouthwestAir did you Cancelled Flight ALL flights into BNA today??? #needtogethome,4,23,568845879307735040,"[33.93454129, -118.40270098]",33.93454129,-118.402701,2015-02-20,10:53:20
@SouthwestAir Do y'all know when the new routes from HOU to Aruba &amp; Puerto Vallarta will be available?,0,26,568495464015929344,"[30.20654541, -97.74890436]",30.20654541,-97.74890436,2015-02-19,11:40:55
@SouthwestAir filing it now. Thank you for your response.,1,14,568209603332214784,"[29.65275101, -95.27596615]",29.65275101,-95.27596615,2015-02-18,16:45:00
"@SouthwestAir flight 3899 HOU to MDW aboard a Boeing 73, boarded for an on-time 2PM departure. #WheelsUp #fb",1,26,569219080080658432,"[29.6526846, -95.2787367]",29.6526846,-95.2787367,2015-02-21,11:36:18
@SouthwestAir flt 3867 crew  #OrangeCounty to #Denver is The #BEST! Weather delay but pilots just invited the kids to see the cockpit! #luv,1,17,569160924960919552,"[33.6839241, -117.8607358]",33.6839241,-117.8607358,2015-02-21,7:45:13
"@SouthwestAir Guys, we've got to do something about the inability to check in online for international  flight that has... (1/2)",4,20,567688325276770306,"[21.05483165, -86.78164351]",21.05483165,-86.78164351,2015-02-17,6:13:38
"@SouthwestAir humor aside, we've been stuck on the plane for two hours at the gate because bags can't be loaded correctly. What gives?",5,38,568273514970501120,"[33.94729153, -118.40186744]",33.94729153,-118.4018674,2015-02-18,20:58:58
@SouthwestAir I continue to be amazed by the amazing customer service.  Thank you SWA!,1,47,569667075280498688,"[29.65283375, -95.275749]",29.65283375,-95.275749,2015-02-22,17:16:29
@SouthwestAir I DM'd you,0,4,569184833361936387,"[30.26196639, -97.75945775]",30.26196639,-97.75945775,2015-02-21,9:20:13
@SouthwestAir I gave you one more try. Figured you could get a 1 hr flight right. Nope. Delayed an hr. Seems to be every time.,4,26,569650294746820609,"[32.73284288, -117.19634507]",32.73284288,-117.1963451,2015-02-22,16:09:48
"@SouthwestAir I keep getting disconnected after choosing the option ""unused travel funds"" on your automated customer service line! SOS",3,16,567843014300692480,"[33.42067535, -111.93155126]",33.42067535,-111.9315513,2015-02-17,16:28:19
@SouthwestAir I need updates on my flights 464 &amp; 3574. I have been on hold for over 2 hours.,5,48,567722330340986880,"[30.35571967, -87.27675562]",30.35571967,-87.27675562,2015-02-17,8:28:45
"@SouthwestAir I was in Nashville and I had to drive 3 and a half hours to Memphis, but I made it as the plane was loading!",0,35,567870311539933184,"[29.65350715, -95.26679505]",29.65350715,-95.26679505,2015-02-17,18:16:47
@SouthwestAir I'm not sure I did the messaging part right. Please let me know if you received it.,3,30,568149287948967936,"[27.9344812, -82.47401175]",27.9344812,-82.47401175,2015-02-18,12:45:20
@SouthwestAir I'm ready for #MayweatherPacquiao in Vegas May 2nd! http://t.co/8dQZlrJo9p,0,32,569336246474022912,"[28.44752379, -81.46716587]",28.44752379,-81.46716587,2015-02-21,19:21:53
@SouthwestAir Jackpot!  #legroom http://t.co/ZO2iceG4lI,0,19,568784436428300290,"[33.67698231, -117.8647932]",33.67698231,-117.8647932,2015-02-20,6:49:11
"@SouthwestAir just added #passbook support to their iOS application! Finally, I get to add them to my collection. http://t.co/lEdNoCdQee",5,48,568105106647838720,"[30.43823709, -97.76632883]",30.43823709,-97.76632883,2015-02-18,9:49:46
@SouthwestAir Just OH-ing a text message I received from an entitled jackass of a friend.,1,5,568094319766147072,"[25.7661538, -80.2517994]",25.7661538,-80.2517994,2015-02-18,9:06:55
@SouthwestAir Just watched crew on flight 380 help elderly lady off plane...#firstclass,2,18,569589379385008129,"[33.4338494, -111.9963312]",33.4338494,-111.9963312,2015-02-22,12:07:45
"@SouthwestAir my sinuses had to contend with two painful landings rather than one, and we missed a preregistration window. Beyond frustrated",1,1,568629791869394945,"[32.8405223, -96.8149248]",32.8405223,-96.8149248,2015-02-19,20:34:41
@SouthwestAir nice touch on the passbook integration!,3,26,569924965446725632,"[33.43403712, -111.99678364]",33.43403712,-111.9967836,2015-02-23,10:21:15
@SouthwestAir right? We're delayed so I'm crabby. :) Also why do you allow one family member to purchase EarlyBird check in and hold rows?,0,6,569974833418600449,"[32.73154946, -117.19636508]",32.73154946,-117.1963651,2015-02-23,13:39:24
"@SouthwestAir thanks a lot for sending a ""special deal"" with @Budget. Getting screwed is the best when on vacation #sarcasm get new partners",2,21,568491900195500032,"[29.98473682, -90.25978334]",29.98473682,-90.25978334,2015-02-19,11:26:45
@SouthwestAir That would be great. Thank you! I'll send it over when you follow.,5,38,568452051740413952,"[33.05776114, -96.78169517]",33.05776114,-96.78169517,2015-02-19,8:48:25
@SouthwestAir the new logo is going to look amazing on the airplanes,3,46,568413356492599296,"[32.96225554, -96.80070994]",32.96225554,-96.80070994,2015-02-19,6:14:39
@SouthwestAir Wasn't able to sit in my seat since the guy next to me was using it. #worstflightever #ideserveareward http://t.co/l7hSnLgie2,2,8,569904370361483264,"[33.64079948, -84.4358346]",33.64079948,-84.4358346,2015-02-23,8:59:24
@SouthwestAir we are trying to fly back from Orlando to BWI. The website has crashed and no one answered the phone. #HELP,0,37,569293499968950272,"[28.43278708, -81.46990923]",28.43278708,-81.46990923,2015-02-21,16:32:02
@SouthwestAir We've been sitting at the gate for two hours waiting for bags to be loaded... I'm telling Herb.,1,3,568271522332192768,"[33.94729537, -118.40196951]",33.94729537,-118.4019695,2015-02-18,20:51:03
@SouthwestAir Well plane arrived pretty much on time and it's 68 degrees on the ground in Texas. Not much to complain about.,5,15,568969143581413376,"[30.30630631, -97.71394697]",30.30630631,-97.71394697,2015-02-20,19:03:09
@SouthwestAir wife's flight to DAL just got Cancelled Flightled. What does she do to find options to get back home?  1708 PHX-&gt;DAL,0,37,569588375037960192,"[33.00605781, -96.76519155]",33.00605781,-96.76519155,2015-02-22,12:03:45
@SouthwestAir yes I was everything worked out great,4,8,569757790626906112,"[34.00646846, -118.48131246]",34.00646846,-118.4813125,2015-02-22,23:16:57
@SouthwestAir Yes! How about #DestinationDragons in San Diego?!?,3,7,568613837198340098,"[32.80223908, -117.2312804]",32.80223908,-117.2312804,2015-02-19,19:31:17
@SouthwestAir you just Cancelled Flightled my flight home so you better get me a private jet or something. I need to get home now,4,39,569211825218318336,"[26.52778866, -81.75533052]",26.52778866,-81.75533052,2015-02-21,11:07:29
"@SouthwestAir you were my go to airline now not so much!! You say you care but I now see not so much! Right now, you suck!!",0,39,568784295759777797,"[33.18882771, -96.64036423]",33.18882771,-96.64036423,2015-02-20,6:48:38
"@united  18 flights so far this year. 13 delays including 2 Cancelled Flightations.  Late Flightst reason, crew needed mandatory sleep. IN MEXICO!",0,15,569933357515026432,"[29.98788997, -95.34470061]",29.98788997,-95.34470061,2015-02-23,10:54:35
@united  no thanks,3,37,569177940027674624,"[42.3613256, -71.0167387]",42.3613256,-71.0167387,2015-02-21,8:52:50
@united - blamed weather lol 78 no wind and not a cloud in the sky!! Delayed both ways 4x!! RU kidding me to charge me for 1.5lb w/8 delays?,5,17,568579388704292864,"[37.63404103, -122.40313084]",37.63404103,-122.4031308,2015-02-19,17:14:24
@united - please help regarding PNR A3ZZ0F. Why am I now waitlisted for a flight?,1,12,568814123540221952,"[25.0776918, 55.13824067]",25.0776918,55.13824067,2015-02-20,8:47:09
@united - with airport self checkin your only option I'm now your employee. Training was a bitch. Send my paycheck asap.,4,32,568092350355865600,"[29.98605741, -90.25189405]",29.98605741,-90.25189405,2015-02-18,8:59:05
@united - you sure missed the mark on tonight's redeye from LAX to Chicago. What a mess! You can do better!,2,38,569407352299847680,"[33.94171725, -118.39844033]",33.94171725,-118.3984403,2015-02-22,0:04:26
"@united ... frozen lines on flight, not continuing due to 'passenger comfort'? Not ok, sat on the plane as long as a flight to Vegas would !",2,48,569598457809276928,"[39.8586593, -104.6718352]",39.8586593,-104.6718352,2015-02-22,12:43:49
"@united ... I want my bag off flight 1142, what do I do now?",0,24,569621349095702528,"[39.8586527, -104.6718518]",39.8586527,-104.6718518,2015-02-22,14:14:47
"@united ""federal regulation prohibits you being separated from your bag""...yet you lose our bag and that's okay",5,6,567902121992921088,"[36.08651969, -115.13942786]",36.08651969,-115.1394279,2015-02-17,20:23:11
"@united @HiltonWorldwide @Caravannyc @MaysvilleNYC 
Let's go! Join me on my first trip back to NYC…as a tourist: 
http://t.co/egaEjtRGLb",2,25,568604039430033408,"[34.06143413, -118.39787418]",34.06143413,-118.3978742,2015-02-19,18:52:21
@United @Skywest do it again!   I will now miss one or probably both our Aspen events. #Fail,2,20,568900980080709632,"[37.78736562, -122.40865161]",37.78736562,-122.4086516,2015-02-20,14:32:17
"@united @VUSA_Australia I'm just an Aussie cowgirl lookin' for my cowboy. Take me to Fort Worth, Estelle says I'll find him there!",0,20,568240029413163008,"[-33.87144962, 151.20821275]",-33.87144962,151.2082128,2015-02-18,18:45:55
"@united &amp; on top of no free tv on the int’l leg, now I’m sitting on the Tarmac in Houston, 70 min past departure w/ another hr plus to go",2,9,568938647795314688,"[29.98384194, -95.33664018]",29.98384194,-95.33664018,2015-02-20,17:01:58
@united #sfo #ClearVision #TV4U @ United Terminal SFO Airport http://t.co/Q9bYn9pCTf,0,29,568103618500530176,"[37.62006843, -122.38822083]",37.62006843,-122.3882208,2015-02-18,9:43:52
@united 14 hours after landing in #ATL &amp; I still do not have my bags...which means no clothes or makeup!!! #UnitedAirlines #nothappy,4,43,569197921150902272,"[33.89611413, -84.33113356]",33.89611413,-84.33113356,2015-02-21,10:12:14
"@united 2 Cancelled Flighted flights Late Flightr, agent claimed she put me on a new flight but then Cancelled Flighted it. Coworker got on flight- now delayed. Now?",3,32,569936348217352194,"[41.97758466, -87.91065356]",41.97758466,-87.91065356,2015-02-23,11:06:28
@united 5.5hrs Late Flightr and you still can't figure it out. Random text updates. #embarrassing #ua3728 http://t.co/vFTUyJh45X,2,13,568591705802469376,"[38.94549594, -77.45193731]",38.94549594,-77.45193731,2015-02-19,18:03:21
@united A broken luggage and a mild case of food poisoning from UA5 LHR-IAH. Who can I email about this?,0,43,569261989735718914,"[19.41622708, -99.16143525]",19.41622708,-99.16143525,2015-02-21,14:26:49
@united A change fee of $200. Same exact flight from ATL-HOU is $165. Why a charge of $574? The math doesn't add up.,0,36,568205117368836096,"[40.03395098, -105.24950187]",40.03395098,-105.2495019,2015-02-18,16:27:11
@united After our unscheduled refueling stop and missing 2 connecting flights we r home n looking 4ward to our bed and a big PB&amp;J sandwich.,0,13,570060997907447810,"[41.98191311, -87.80888924]",41.98191311,-87.80888924,2015-02-23,19:21:47
@united airlines is the absolute worst. They have no idea what they are doing. #neveragain #UnitedAirlines,3,0,570096582546165760,"[32.86680572, -80.01338439]",32.86680572,-80.01338439,2015-02-23,21:43:11
@united already DM you my concern. Pls check.,4,49,569222424236916736,"[31.27777976, 121.59340615]",31.27777976,121.5934062,2015-02-21,11:49:36
@united Also your at-gate monitor showed 23 empty seats,2,12,569008708174262272,"[39.83426941, -104.69960636]",39.83426941,-104.6996064,2015-02-20,21:40:22
@united an update on flight 5979 would be great!,0,27,568563462995099649,"[39.99838284, -82.88068344]",39.99838284,-82.88068344,2015-02-19,16:11:07
"@united And then when we asked the stewardess to take the disinfectant wipe as trash she said, ""not with my hands!"" #badservice",3,2,569243519652470784,"[37.61761896, -122.39164663]",37.61761896,-122.3916466,2015-02-21,13:13:25
@united Anna Palm Springs gate 19  deserves a medal! Handled 30 ppl missing flights like a pro!,4,20,568649643187310593,"[33.82063563, -116.50768141]",33.82063563,-116.5076814,2015-02-19,21:53:34
@united any chance you'll ever do CPUs on your JFK-LAX like @AmericanAir?,5,41,568927730160549888,"[40.64993239, -73.78249589]",40.64993239,-73.78249589,2015-02-20,16:18:35
@united are my bags here yet?  They were at Palm Springs airport.  I was at LAX.  How come I beat my bags here.,1,15,567929586077425664,"[33.75539049, -116.36196163]",33.75539049,-116.3619616,2015-02-17,22:12:19
@united are the ones who make it difficult for me.,5,0,570204730745421826,"[29.98698389, -90.25081767]",29.98698389,-90.25081767,2015-02-24,4:52:56
"@united Arriving 25 minutes early is nice, but not if equipment isn't ready. Waiting 30 minutes for luggage, so far. Time gains wiped out.",2,18,569960311022850048,"[40.6875448, -74.17714813]",40.6875448,-74.17714813,2015-02-23,12:41:42
"@united Bad coffee, but the juice is ok. #GetPhilz @ United Terminal SFO Airport http://t.co/Sg7IQqFVsO",1,20,567727403964055552,"[37.62006843, -122.38822083]",37.62006843,-122.3882208,2015-02-17,8:48:55
"@united because of the horrific flight experience, you guys have made me NEVER want to fly on an airplane every again!!!!!!!",1,5,568266890499346432,"[38.78438914, -104.72749614]",38.78438914,-104.7274961,2015-02-18,20:32:39
"@united boarded 6373 on time, deplaned, and now 100 minutes delay. No transparency during. Can't wait to give up my gold status for AA.",2,23,568828064152424448,"[37.6202411, -122.3883092]",37.6202411,-122.3883092,2015-02-20,9:42:33
@united boarding a #plane would be much faster if you boarded back to front instead of front to back #MakesSense #efficiency #travel #flying,4,28,569330646901895169,"[37.61926072, -122.38812564]",37.61926072,-122.3881256,2015-02-21,18:59:38
@united Booked a flight home over 7 months ago and requested seats together for my fiancée and I. We got 2 middle seats. UNACCEPTABLE. The,2,4,570188684881821696,"[29.98746669, -90.25862007]",29.98746669,-90.25862007,2015-02-24,3:49:10
@united but it's hard to stay upset at someone when they at least TRY to show remorse.,5,36,570236138603950080,"[29.98340611, -95.33682231]",29.98340611,-95.33682231,2015-02-24,6:57:44
"@united By the way, a simple apology goes a long way, even if it's a hollow one. It's obvious that you don't care about me or my well-being,",3,26,570236014238699521,"[29.98350019, -95.33675519]",29.98350019,-95.33675519,2015-02-24,6:57:14
@united can Cancelled Flight my flight anytime if this is where they keep me for the night.. http://t.co/avRTOWTyzk,0,34,569645065792069632,"[41.92992293, -87.66944213]",41.92992293,-87.66944213,2015-02-22,15:49:01
@united CDG-LAS 42 hours. And my luggage is in SFO. I've been wearing the same clothes for 42 hours. Thank you. #flythefriendlyskies,0,32,569653506291818496,"[36.08655568, -115.1394417]",36.08655568,-115.1394417,2015-02-22,16:22:34
@united clicked on the link and got this? #confused http://t.co/xMAQcucWZl,2,7,567686845903826947,"[30.09009009, -95.64621813]",30.09009009,-95.64621813,2015-02-17,6:07:45
@united compensate us for new clothes bet you won't,2,10,569714640764035073,"[45.67922537, -111.04823044]",45.67922537,-111.0482304,2015-02-22,20:25:29
@united congratulations united. Fail again. Sky at a gate with a plane full of people waiting on 2. Weather gets worse now we can't leave.,3,6,569296356143050754,"[39.85760174, -104.66669625]",39.85760174,-104.6666963,2015-02-21,16:43:22
@united currently crying... I wanted to ski tomorrow but prolly not. Just a boy tryna fulfill his dreams,4,39,569711003585220608,"[45.67922693, -111.04839797]",45.67922693,-111.048398,2015-02-22,20:11:02
@united currently on board so not now. Check in was terrible. Staff rude. Expensive luggage thrown around etc.,3,19,569998289447354371,"[40.69943599, -74.17868875]",40.69943599,-74.17868875,2015-02-23,15:12:36
@united Currently on standby to Lax then it is a 2 hour ride to Palm Springs. Long day starting at a snowy 3:30 am in philly.,2,36,567796247672721409,"[39.85861339, -104.67232131]",39.85861339,-104.6723213,2015-02-17,13:22:29
"@united despite shaky connections, looks like I'll get home tonight. Great job, @united - was touch and go for a while..",0,11,570050891929280512,"[38.9470207, -77.4511745]",38.9470207,-77.4511745,2015-02-23,18:41:38
"@united did you have seen my message today?? About a mcdonnell Douglas dc 10 model?? I will hear it if you read it, Goodnight now",3,7,570012706704662528,"[51.3228181, 5.3576138]",51.3228181,5.3576138,2015-02-23,16:09:54
@united does asap mean two hours worth of delay and a return to the terminal to count the luggage a third time? #gottogetbetter,1,14,569724705063596032,"[36.08161548, -115.14959772]",36.08161548,-115.1495977,2015-02-22,21:05:29
@united done as requested.,5,23,568280527305715712,"[1.3523078, 103.8637764]",1.3523078,103.8637764,2015-02-18,21:26:50
@united each flight is worse than last! flight attendants don't even know whether the plane is equipped with power outlets at the seats!,3,23,567767810655670272,"[40.70773298, -74.17069948]",40.70773298,-74.17069948,2015-02-17,11:29:29
@united Everyone around us is sitting with their friends and family members. They booked their tickets in October and December. We bought,2,23,570234996562112512,"[29.98372726, -95.33734532]",29.98372726,-95.33734532,2015-02-24,6:53:12
@united Extremely disappointed in #Flight6831. United left crew and pssgrs stranded in rain @ gate with no cover. Left Psngrs 2 depart plane,0,9,569184788784918528,"[25.08347991, -77.3225763]",25.08347991,-77.3225763,2015-02-21,9:20:03
@united First Officer of UA 1514 checking our 757 prior to departure from EWR yesterday while on his cell. Safety ??? http://t.co/1TFH2v0a7z,5,21,569120847115501568,"[18.4710809, -68.39995916]",18.4710809,-68.39995916,2015-02-21,5:05:58
@united first time flying with United. Also last time. #terrible back to @VirginAtlantic for me. #branson #virginatlantic #UnitedAirlines,2,16,569981034110050305,"[40.69814396, -74.17906717]",40.69814396,-74.17906717,2015-02-23,14:04:02
@united Flight 280,0,38,568217304259010560,"[40.74389886, -74.12493599]",40.74389886,-74.12493599,2015-02-18,17:15:36
@united flight 5903 stranded on Tarmac in Chicago. No gates available?! Plane getting very hot and uncomfortable.,4,49,569564671688118273,"[41.97862209, -87.91469774]",41.97862209,-87.91469774,2015-02-22,10:29:34
"@united flight experiences R often frustrating, but 2day on UA5184 from CHI to WPG flight attendant April was #amazing! She's 1 of the best!",2,9,568917792172351488,"[49.73717309, -96.67646776]",49.73717309,-96.67646776,2015-02-20,15:39:06
@united Flight has been delayed for another hour so only have 24 mins to transit at LAX... Extremely unlikely I will make it!,0,10,569296784922578944,"[43.60417384, -110.7362561]",43.60417384,-110.7362561,2015-02-21,16:45:05
@united flight UA5631 from SFO to Burbank has been delayed twice now. Still no plane in sight. Get it together.,4,37,568490726419517441,"[37.61821986, -122.38745399]",37.61821986,-122.387454,2015-02-19,11:22:05
@united Flt 359 lax to EWR. Your pilot bragged about getting to EWR early only to wait 20 min for a jetway driver. Thanks United!,2,23,568656507480481792,"[40.69758992, -74.25047478]",40.69758992,-74.25047478,2015-02-19,22:20:51
@united funny I paid to check my bag and now flight 1086 is BEGGING folks to check bags for free 1 hour before flight. #notcool,0,11,569849517077622786,"[33.64323551, -84.44248239]",33.64323551,-84.44248239,2015-02-23,5:21:26
@united FYI: continuous texts and emails I am getting about the delay while held captive on the tarmac are not that helpful.,1,6,567829834618904576,"[37.61833841, -122.38389799]",37.61833841,-122.383898,2015-02-17,15:35:56
"@united gates were DEFINITELY NOT FULL. We were parked and wheels were chocked. Customer service called it an ""UNMET ARRIVAL""!!",3,33,568775278505414656,"[40.62387603, -74.30164717]",40.62387603,-74.30164717,2015-02-20,6:12:48
@united good fly!! #United #businessFirst,0,28,568804026789138433,"[29.98445184, -95.33224657]",29.98445184,-95.33224657,2015-02-20,8:07:02
"@united good to know you will open the closed doors for ""premier passengers"" after safety briefings on delayed flights. #annoyed.",5,44,570087435759185920,"[41.98202331, -87.90374263]",41.98202331,-87.90374263,2015-02-23,21:06:51
@united haha that's fine. Still won't fly @united ever again. Seems like you guys have more problems than anyone else.,5,16,567862586374529026,"[40.69429232, -74.17208436]",40.69429232,-74.17208436,2015-02-17,17:46:05
@united have you inspected the picture? routine aircraft check while on his cell phone? What will the FAA &amp; NYT say ? http://t.co/bNgpli8JT6,5,46,569139480101314560,"[18.4729405, -68.39820768]",18.4729405,-68.39820768,2015-02-21,6:20:00
"@united Heads up We didn't check 8 bags, 2 we checked arrived, those aren't claim #s for our 2. Other people's bags? http://t.co/dplQ3mhQGD",2,24,569956115724660736,"[19.43493094, -99.18877967]",19.43493094,-99.18877967,2015-02-23,12:25:01
"@united here is my case id 8473573. Requested on 2/5, now it's 2/19... 7-10 days I'll get a response, BS!",5,49,568644260129419264,"[37.78508121, -122.41114577]",37.78508121,-122.4111458,2015-02-19,21:32:11
@united here we go again. 2 of 3 segments SFO--New York RT were delayed OVER 2 hrs each! Why do you suck so BAD!?!Maybe another line of bus?,4,14,569710072491745280,"[29.98378319, -95.33473143]",29.98378319,-95.33473143,2015-02-22,20:07:20
@united Hi.  My relative's Flight Booking Problems number is MY8YB4.  Her name is Clarita Jaramillo Mejia.  Thank you,4,26,569707569448558592,"[-38.0269936, 145.2110041]",-38.0269936,145.2110041,2015-02-22,19:57:23
@united his cell phone record needs to be checked to see who did conversed with. I trust the FAA can handle this better.,2,22,569140362025050112,"[18.47240961, -68.39941149]",18.47240961,-68.39941149,2015-02-21,6:23:31
@united How can you not know where my bags are?  You knew where they were 6 hours ago. You are killing me!  Worst service. Ever.,4,17,567952115588423681,"[33.75538818, -116.36197002]",33.75538818,-116.36197,2015-02-17,23:41:51
@united how come I have no baggage updates.,3,2,567939727023673344,"[33.75536802, -116.36197857]",33.75536802,-116.3619786,2015-02-17,22:52:37
@united how is it tripitPro has accurate delayed dept. times and 2hours Late Flightr I hear the same from you? Just curious,2,15,568829906584346624,"[45.58986727, -122.59182577]",45.58986727,-122.5918258,2015-02-20,9:49:52
@united I already follow you. One of you 800-number agents rebooked me. Went from a 777 to an a320. Ugh.,1,26,569114239996076032,"[29.81532281, -95.40830048]",29.81532281,-95.40830048,2015-02-21,4:39:43
@united I am impressed with your super-fast reply to @CGJase,4,39,569808684252942336,"[20.0615871, 110.18390431]",20.0615871,110.1839043,2015-02-23,2:39:11
@united I appreciate the follow up.,0,38,567733177590874114,"[40.35805521, -111.78241283]",40.35805521,-111.7824128,2015-02-17,9:11:52
@united I appreciate your efforts getting me home!,0,47,570053912214024193,"[38.9470418, -77.4511456]",38.9470418,-77.4511456,2015-02-23,18:53:38
@united i booked lh via ua.  However at gate they rebooked me to a Late Flightr lh flight.  Now that flight didnt earn pqd for me.  How do i get it,2,7,569119503516246016,"[43.59688282, -72.96820686]",43.59688282,-72.96820686,2015-02-21,5:00:38
@united I did. The AC went on for about 20 minutes before returning to the Mojave Desert. #PressureCooker #HeatTrap,2,29,569950450352414720,"[29.7421541, -95.5600896]",29.7421541,-95.5600896,2015-02-23,12:02:31
"@united I guess that's too much ask, huh?",5,41,570236221575704576,"[29.98386923, -95.33729612]",29.98386923,-95.33729612,2015-02-24,6:58:04
@united I had planned to book additional flights tonight but after 1 1/2 hrs working on one trip I'm worn out! #EnoughIsEnough,2,40,569021768788090881,"[41.86590405, -87.62282728]",41.86590405,-87.62282728,2015-02-20,22:32:16
@united I hope not to see the same issue on my return flight tomorrow,5,42,569237356622024704,"[18.47066766, -68.40014139]",18.47066766,-68.40014139,2015-02-21,12:48:56
@united I live abroad and am Flight Booking Problems flights for when I come visit the states :(,4,36,568355601144680448,"[13.71241507, 100.60468537]",13.71241507,100.6046854,2015-02-19,2:25:09
@united I see you coming to get me and @AggieMensGolf in Hawaii! #12thMan http://t.co/G8DKa3Edhf,0,41,569346431833673732,"[21.32911863, -157.91749165]",21.32911863,-157.9174917,2015-02-21,20:02:21
"@united I tried the online tracking and they said something like ""attempting to locate luggage""",1,8,569710853160710144,"[45.67925887, -111.04844481]",45.67925887,-111.0484448,2015-02-22,20:10:26
@united I used to be a committed #ContinentalAirlines flyer until merger. I remember now why I switched to @SouthwestAir #CommunicationFail,1,39,569980415919853569,"[39.85790482, -104.67039013]",39.85790482,-104.6703901,2015-02-23,14:01:35
@united I want my bags. There is vital equipment in there. You are royally screwing me. I'm cranky and want an update.,5,29,567924953976152064,"[33.75539049, -116.36196163]",33.75539049,-116.3619616,2015-02-17,21:53:55
@united I'm extremely disappointed w my service for this trip as a #United #MileagePlus Explorer Card holder.,1,25,569357781402308608,"[34.99254864, -80.92841859]",34.99254864,-80.92841859,2015-02-21,20:47:27
@united I'm in another country - please Cancelled Flight my reservation. I've booked through Swiss air,5,26,568831798857195520,"[25.07815796, 55.13798672]",25.07815796,55.13798672,2015-02-20,9:57:23
@united I'm not a child. I'm someone who has an issue with flying and prepares ahead of time to reduce the distress caused by planes. You,1,14,570204649363341312,"[29.98699328, -90.25081691]",29.98699328,-90.25081691,2015-02-24,4:52:36
"@united I'm not sure how you can help. Your flight experience is terrible, planes are dirty and staff is rude. Start over perhaps?",4,0,569571643044929536,"[37.83520596, -122.25460611]",37.83520596,-122.2546061,2015-02-22,10:57:16
@united I'm over you. Evry 1st flight I take w/ you is delayed &amp; evry 2nd is on time so its missed evry time. #lastflightofthenight #breakup,5,40,568616966191226880,"[40.69482181, -74.17458032]",40.69482181,-74.17458032,2015-02-19,19:43:43
"@united I'm saying I made the flight but with poor/non-communication, unaccounted for lost time &amp; lots of frustrated flyers standing around",2,22,569979566279626752,"[39.85799572, -104.67056217]",39.85799572,-104.6705622,2015-02-23,13:58:12
@united I'm so frustrated and nervous because of this.,1,0,570204900375687168,"[29.98521945, -90.25215941]",29.98521945,-90.25215941,2015-02-24,4:53:36
@united I'm very frustrated and have wasted 2 days now due to your equipment failures.,4,17,570055898367799296,"[39.85862444, -104.6768992]",39.85862444,-104.6768992,2015-02-23,19:01:31
@united I've been doing this for 15 years and I've never had this many issues with any other airline.,0,43,567862940348579840,"[40.69428253, -74.17219198]",40.69428253,-74.17219198,2015-02-17,17:47:30
@united I've got a campus visit in an hour and I'm still wearing the same clothes...,5,16,569860989400649729,"[45.67920767, -111.04847652]",45.67920767,-111.0484765,2015-02-23,6:07:02
"@united if you're listening, why are you the lowest provider of inflight wifi? Get with the times!",3,46,568023874970861568,"[37.94357634, -121.69565906]",37.94357634,-121.6956591,2015-02-18,4:26:59
"@united incompetent/rude service today. Missed my connecting flight, then the customer service desk was terrible to me. Really upset w untd.",3,34,568915741551886336,"[29.98454639, -95.33856899]",29.98454639,-95.33856899,2015-02-20,15:30:57
@united is officially my favorite airline. They have created magic for me all day!!! #friendlyskies #careyon,3,42,568215213620637696,"[29.98425706, -95.34407392]",29.98425706,-95.34407392,2015-02-18,17:07:18
@united is so cheap they couldn't afford to run the AC on #UA1510. They took pressure cooker to a new level. #Cheap #WorstAirline,2,28,569690626293305344,"[29.9866693, -95.3382794]",29.9866693,-95.3382794,2015-02-22,18:50:04
@united is synonymous to with #rude. And #cheap. You really don't know how to value the customer,3,5,569618868441722882,"[47.4390828, -122.300713]",47.4390828,-122.300713,2015-02-22,14:04:55
@united is the stingiest airline. Nobody should model after them. #PTFO #cheap #bastards #stingy,1,23,569618317440208896,"[47.4389994, -122.3010208]",47.4389994,-122.3010208,2015-02-22,14:02:44
@united it is cool. Your customer told me they didn't care either. It is expected,1,0,568615916730056704,"[37.6209902, -122.3867265]",37.6209902,-122.3867265,2015-02-19,19:39:33
@united it most certainly was not.,5,24,568988757954678784,"[40.71857786, -73.99426076]",40.71857786,-73.99426076,2015-02-20,20:21:05
@united it was such a lovely part of this long day - attendants on UA5168 (most) /UA795 were beyond exceptional today. #GiveThoseLadiesRaise,3,34,569631508379664384,"[38.95201335, -77.44443882]",38.95201335,-77.44443882,2015-02-22,14:55:09
@united it was UA flight 1001! Now I'm currently stuck in Portland because I missed my ride because of the 3 hour delay. #GetMartyHome,5,24,570151698489954304,"[45.58711296, -122.58038932]",45.58711296,-122.5803893,2015-02-24,1:22:12
@united it won't help...been there done that.,5,37,569909655813500928,"[29.98877308, -95.33846478]",29.98877308,-95.33846478,2015-02-23,9:20:25
@united it's a shame the great customer service wasn't continued in SFO. Slightly absurd,5,47,568677207062609920,"[37.62068265, -122.38816957]",37.62068265,-122.3881696,2015-02-19,23:43:06
"@united It's an incredibly easy fix, but you would rather stay in your comfort zone, while I get forced out of mine.",2,37,570235387009839104,"[29.98350283, -95.33678993]",29.98350283,-95.33678993,2015-02-24,6:54:45
@united its 2015 and no power outlets at the seats on a 6 hour flight to California? Seriously? This is why airlines are failing!! Pathetic!,3,24,567767199700758530,"[40.70749747, -74.17084113]",40.70749747,-74.17084113,2015-02-17,11:27:03
@united just landed. Might want to check flight 304 plane from Houston. That sound was during takeoff &amp; landing http://t.co/QKquRagGoO,1,36,568881357583097857,"[33.64314381, -84.44252134]",33.64314381,-84.44252134,2015-02-20,13:14:19
@united just wanted to let you know how wonderful Rosetta the gate agent was working flight 6457 Dan to Ase. Let her know she wasappreciated,5,12,570294743684517888,"[39.8621249, -104.6740909]",39.8621249,-104.6740909,2015-02-24,10:50:37
@united Leaving soon. Thanks!,2,16,568589359034859520,"[40.77395906, -73.8746932]",40.77395906,-73.8746932,2015-02-19,17:54:01
@united looks like I'm settled in to where I'm going.  Thx.,5,45,567775418612195328,"[39.85871934, -104.67371484]",39.85871934,-104.6737148,2015-02-17,11:59:43
@united loses my luggage and @hotelstonight loses my reservation. after a 10 hour travel day. I just want to get to @StartingBloc in the am!,5,30,568332024802447361,"[34.06978184, -117.57752166]",34.06978184,-117.5775217,2015-02-19,0:51:28
@united make sure you make Cancelled Flighted flight baggage and upgrade fees seem like a labyrinth so that you might be able to swindle a few $ more,0,33,568565044994158592,"[37.99311597, -84.52114659]",37.99311597,-84.52114659,2015-02-19,16:17:24
"@united missed connection, wrong city, bags at Palm Springs, but not at hotel. I am seriously tired of being treated this way.",3,48,567919558649995264,"[33.75348859, -116.36209633]",33.75348859,-116.3620963,2015-02-17,21:32:28
"@united Missing crew, passenger doc problems, frozen toilets, and now we're off the plane. Give me my money back.  UA3466",4,27,568161901089132544,"[41.98160558, -87.90496847]",41.98160558,-87.90496847,2015-02-18,13:35:27
"@united missing my amazing us bank work conference, not ok.  What do I do now?????",1,12,569598985737867265,"[39.8586566, -104.6718497]",39.8586566,-104.6718497,2015-02-22,12:45:55
@united needs to pay for my car. I could have been on my flight if 4 help desks did not say it already left. Shame.,2,19,568503120130658305,"[37.61907, -122.38607]",37.61907,-122.38607,2015-02-19,12:11:20
@united new 737 plane; wifi: not working. Entertainment: non existent. New Seats: seriously uncomfortable. Really? #unitedfail UA1550,2,35,569411383265075203,"[37.61980156, -122.38447633]",37.61980156,-122.3844763,2015-02-22,0:20:27
"@united nice 2 see U have a sense of humor. #3hourdelay Just want 2 B home but I'll settle for that beer. Once safely in the air, of course",2,4,568627869225766912,"[40.68612449, -74.18465897]",40.68612449,-74.18465897,2015-02-19,20:27:03
@united No customer service rep could confirm where my bag was &amp; each gave me different info. Ruined 2 events I had today. #disappointed,3,4,569281033365037056,"[35.00096266, -80.87374938]",35.00096266,-80.87374938,2015-02-21,15:42:29
@united no I did not make connection.  Your stellar employee Vicky Thomas refused to board me even though 23 empty seats on plane,0,31,569005870463344640,"[39.84913886, -104.67403666]",39.84913886,-104.6740367,2015-02-20,21:29:05
@united No wonder the cabin is filthy. #badservice,0,10,569243676594941953,"[37.61782989, -122.39172299]",37.61782989,-122.391723,2015-02-21,13:14:03
@united no. U guys suck. I'll never fly with u again. And ur supervisors suck too.,5,3,569058014650433536,"[33.99585652, -117.35791469]",33.99585652,-117.3579147,2015-02-21,0:56:17
@united noooooooooooooooooooooope.,1,17,569925612069998593,"[45.52146907, -122.69810485]",45.52146907,-122.6981049,2015-02-23,10:23:49
@united not sure why the people in row 7 that paid for a premium seat can't use their overhead space... http://t.co/i9s86KiHge,0,5,569690742169292802,"[33.94077727, -118.39921036]",33.94077727,-118.3992104,2015-02-22,18:50:31
@united not yet. I complained about the guy who checked my luggage in as he was throwing the bags around. Unfortunate coincidence I hope?,3,30,570267915154538496,"[52.59657643, -2.19877833]",52.59657643,-2.19877833,2015-02-24,9:04:00
@united now let there also pls be in-flight live TV on UA469 DEN-EWR so I can watch the #Oscars ??,3,12,569632420468625408,"[43.56768225, -116.22061173]",43.56768225,-116.2206117,2015-02-22,14:58:46
@united of course I did. The bag should be here by now :( #frustrated,1,18,569984785860464640,"[28.62111274, -81.29294408]",28.62111274,-81.29294408,2015-02-23,14:18:57
@united oh flight was fine. my lost luggage? not so much. looks like I'll be at least a half day Late Flight to my conference in Santa Monica...,5,30,568328533421867008,"[34.06071437, -117.59814212]",34.06071437,-117.5981421,2015-02-19,0:37:36
"@united ok. To top things off, you've lost my luggage. Could you get ANY worse??? #UnitedAirlines",1,0,570185687569469440,"[52.48854137, -1.91022836]",52.48854137,-1.91022836,2015-02-24,3:37:16
"@united On a standby to Denver, which has been delayed, and a confirmed to Aspen, whose flights have been Cancelled Flighted all day. 0 confidence.",4,32,569941617697644544,"[41.97745295, -87.91025951]",41.97745295,-87.91025951,2015-02-23,11:27:25
@united On last flight of the day no less. I am now driving 4 hours to Aspen thru a snowstorm Thx to your teams lack of customer empathy,3,30,569012492598251520,"[39.77848558, -104.90007634]",39.77848558,-104.9000763,2015-02-20,21:55:24
@united one hour after departure time and still no update!,4,49,568572666178883584,"[39.99869322, -82.88004055]",39.99869322,-82.88004055,2015-02-19,16:47:41
@united or you'll Cancelled Flight my flight like you just did,4,43,568787202341081088,"[37.62025528, -122.38832698]",37.62025528,-122.388327,2015-02-20,7:00:11
@united our flight attendant @superben was super helpful in finding a bag we left on a flight today. Excellent customer service. Name fits.,3,39,567867311744380928,"[38.88839871, -94.62041633]",38.88839871,-94.62041633,2015-02-17,18:04:52
@united Our vacation's going to be ruined w/ 3 days of rain. : ( The change fee for 2 of us is nearly cost of original flight. Can you help?,1,43,570081411715059712,"[37.7994546, -122.427629]",37.7994546,-122.427629,2015-02-23,20:42:54
@united ours in July. You have ZERO excuses for this. You have an out-of-date system that causes problems like this.,2,45,570235195934117889,"[29.98384925, -95.3374653]",29.98384925,-95.3374653,2015-02-24,6:53:59
@united pleasantly surprised with quality of service and flight.Flew LGA-CLE-DEN. Friendly crew. Love the concept of #byod #worksnicely,5,42,568513007849840640,"[40.71517211, -74.01453422]",40.71517211,-74.01453422,2015-02-19,12:50:38
"@united question:are there onboad 110 volt outlets in all planes? If so, where?",5,38,570071999780933634,"[35.8056542, -78.786848]",35.8056542,-78.786848,2015-02-23,20:05:30
@united received my bag. I appreciate taking care of the matter and following up!,4,32,567918545046081537,"[40.54989958, -111.90404484]",40.54989958,-111.9040448,2015-02-17,21:28:27
@united Resolved. Over hour of work on  ground &amp; somehow the system reset itself during takeoff. I appreciate the quick response/service.,0,41,569641346316640256,"[41.97890473, -87.91027352]",41.97890473,-87.91027352,2015-02-22,15:34:15
"@united says we had a weather delay in #YXE this morning. The ""weather"" didn't affect any other airline. #UA6136 http://t.co/4JdvK8tCqx",5,40,569593910869127168,"[39.85873319, -104.67372668]",39.85873319,-104.6737267,2015-02-22,12:25:45
"@united Seat 14A, Flight UA895",0,37,569475306018353152,"[22.31355693, 113.92636768]",22.31355693,113.9263677,2015-02-22,4:34:27
@united service by staff was great as usual. Cleanliness and smells a bit much. I'll be back. #satisfied traveler,0,45,569088496117415937,"[41.9809313, -87.9063148]",41.9809313,-87.9063148,2015-02-21,2:57:25
@united service so far has been horrid. We wanted to end the trip on a high note. Guess that's not an option.,0,8,570188838775103488,"[29.987463, -90.25860012]",29.987463,-90.25860012,2015-02-24,3:49:47
@united She is travelling from Melbourne (Australia ) to Bogota (Colombia) tomorrow,1,45,569707970876936192,"[-38.0271635, 145.2112317]",-38.0271635,145.2112317,2015-02-22,19:58:59
@united should NOT sell tickets for @SilverAirways on http://t.co/onhXHCO6bK.  has terrible service and UA staff cannot reach Silver,3,40,569995961570856960,"[26.07694041, -80.13546475]",26.07694041,-80.13546475,2015-02-23,15:03:21
@united sitting in the middle for the first time .. Hope it works out well,1,20,569845865185206273,"[40.69450196, -74.1749219]",40.69450196,-74.1749219,2015-02-23,5:06:56
@united smiling? NOT!!,2,45,568539224770637825,"[35.23908248, -120.64078264]",35.23908248,-120.6407826,2015-02-19,14:34:48
"@united so going forward, I shouldn't be Flight Booking Problems Star Alliance flights through the United App?",4,38,568825730718666754,"[25.0779704, 55.13808289]",25.0779704,55.13808289,2015-02-20,9:33:17
@united so sorry. I ended up on US Air flight. Thank you though for getting back to me:),2,40,568474931207352320,"[35.8924655, -84.19243176]",35.8924655,-84.19243176,2015-02-19,10:19:20
@united so unhelpful... http://t.co/vBfIeo2qJC,0,21,569614679154143232,"[39.85861469, -104.67233425]",39.85861469,-104.6723343,2015-02-22,13:48:17
@united So what do you offer now that my flight was Cancelled Flighted and I'm stranded away from home and work?,0,48,567778009013178368,"[26.37852293, -81.78472152]",26.37852293,-81.78472152,2015-02-17,12:10:00
@united So what does someone with severe anxiety do when the one person who can help him isn't next to him?,3,11,570201440704028672,"[29.9880285, -90.25781369]",29.9880285,-90.25781369,2015-02-24,4:39:51
@united So you are inadequate by accident?,1,38,570018079993937920,"[40.68545235, -74.18374208]",40.68545235,-74.18374208,2015-02-23,16:31:15
@united sprinted from C concourse to E and just made it. Coughed up a lung in the process but am now in CLT! Tnx!,2,3,568230767714799616,"[35.21498347, -80.96071981]",35.21498347,-80.96071981,2015-02-18,18:09:06
@united stellar customer service. You have earned my business by your attention to detail.,0,33,569088814184079361,"[41.9808176, -87.9063373]",41.9808176,-87.9063373,2015-02-21,2:58:41
"@united Still do not have my bag, it's in the CLT airport. Was originally told I would have it by 2pm.",5,17,569302005111508992,"[35.07067492, -80.7899648]",35.07067492,-80.7899648,2015-02-21,17:05:49
@united stuck in DC trying to get to Denver. The engine shut down twice on us at the terminal. Got any available flights for me?,2,10,569231858485080066,"[38.94291482, -77.44870496]",38.94291482,-77.44870496,2015-02-21,12:27:05
@united stuck on Tarmac for the last hour. Can I have a beer?,1,0,568608982321012736,"[40.6867848, -74.18351089]",40.6867848,-74.18351089,2015-02-19,19:12:00
@united such a relaxing space for a drink before my flight! (at @United Global First Lounge) https://t.co/j4cj0lrF2d http://t.co/dTLGUQ1kAk,1,22,569357196141719552,"[37.61829369, -122.39192247]",37.61829369,-122.3919225,2015-02-21,20:45:08
@united thanks,0,28,569276207696453632,"[19.43010575, -99.18988829]",19.43010575,-99.18988829,2015-02-21,15:23:19
@united thanks for more timely updates.,2,41,568837615220166657,"[45.58977875, -122.59182952]",45.58977875,-122.5918295,2015-02-20,10:20:30
"@united thanks for that advice, so helpful. Can't believe you guys actually charge people to ""fly"" united",2,32,567814633047728128,"[45.58931882, -122.5959928]",45.58931882,-122.5959928,2015-02-17,14:35:32
"@united thanks for trying to take my money without notice. In any other industry, you Cancelled Flight a service, a refund is issued. Cont…",0,12,568564799593820161,"[37.99311597, -84.52114659]",37.99311597,-84.52114659,2015-02-19,16:16:26
"@united Thanks for your response. Bags came, but it was a long wait and priority tags weren't honored at all. Disappointing",1,43,567939242854215680,"[40.79971517, -74.25960937]",40.79971517,-74.25960937,2015-02-17,22:50:41
@united thanks gate agent extraordinaire Seau Fong for helping me get re-booked out of Boise and (hopefully) home to NYC sometime tonight!,4,39,569629990129520641,"[43.56764134, -116.22089932]",43.56764134,-116.2208993,2015-02-22,14:49:07
"@united Thanks Yup I'm all set.  It happens.   SLC ground staff were prompt,  helpful and courteous.",0,8,568669880922165248,"[40.7868699, -111.9790833]",40.7868699,-111.9790833,2015-02-19,23:13:59
@united thanks.  Not tonight it would seem. http://t.co/WNdcEO5QlK,5,0,568654300802473985,"[40.7697595, -111.974937]",40.7697595,-111.974937,2015-02-19,22:12:05
@united That is not what your reservations desk just told me.  They said there were plenty of seats,1,24,569008601009762305,"[39.83426941, -104.69960636]",39.83426941,-104.6996064,2015-02-20,21:39:56
@united that's a crazy long form! You need something other than a video?,0,17,569237947033255936,"[40.72476892, -74.09204213]",40.72476892,-74.09204213,2015-02-21,12:51:17
@united That's real dedication &amp; concern. Your apologies don't fix the issue nor any of the miserable issues I've had over the past 6 mos.,5,20,569963935429824512,"[29.7420124, -95.5606921]",29.7420124,-95.5606921,2015-02-23,12:56:06
"@united the hotel you sent us to wouldnt take the voucher. Our flight was delayed, then Cancelled Flightled, then delayed again. 32 hours and counting",4,23,569532005320253441,"[38.94562938, -77.44400264]",38.94562938,-77.44400264,2015-02-22,8:19:46
@united The only thing you fella have done right today is get me to the pacific time zone.,2,21,567895211575111680,"[34.01019938, -117.42860927]",34.01019938,-117.4286093,2015-02-17,19:55:44
@united Then why did your staff refuse to let ME on the earlier flight citing my having checked a bag?!?!,0,43,568965585620459520,"[40.71518191, -73.99595593]",40.71518191,-73.99595593,2015-02-20,18:49:01
@united Then you delete my return ticket to Europe and blame me for the now show? This airline is a joke. 3 times this happened now.3 times!,5,45,569568010555432960,"[29.98704632, -95.3378275]",29.98704632,-95.3378275,2015-02-22,10:42:50
@united there are at least 3 of us on UA1564 at ORD waiting to deplane to catch UA4232 to CLT. Any chance of waiting to last second for us?,0,24,568191963838746624,"[41.98084325, -87.90939435]",41.98084325,-87.90939435,2015-02-18,15:34:55
@united there is a sector whereby it says $0 in both bags...no bag allowance at all in international flight?,4,27,569604805116563457,"[-37.8536992, 145.1106176]",-37.8536992,145.1106176,2015-02-22,13:09:02
@united They held the plane! Made it!!,1,14,569032643548811264,"[33.94238375, -118.39906416]",33.94238375,-118.3990642,2015-02-20,23:15:28
@united they wouldn't let me on. Real nice of you! Just love your awesome service. And U have 2 people working this customer service line..,3,0,569514001450672128,"[29.98870677, -95.33845443]",29.98870677,-95.33845443,2015-02-22,7:08:13
"@united they're not, actually. gate agent was so rude. now standing in a line waiting for reFlight Booking Problems. missed the only flight to STI. awful.",4,2,569856109613166593,"[41.97888728, -87.90617197]",41.97888728,-87.90617197,2015-02-23,5:47:38
"@united This ALWAYS happens with you guys, and it makes traveling incredibly stressful and uncomfortable. Is that good business to you?",3,37,570201707621146624,"[29.98878092, -90.25836915]",29.98878092,-90.25836915,2015-02-24,4:40:55
@united this is not what captain said! Your 820pm flight to San Francisco is delayed due to weather. UA1416 now departs ....#failagain,1,19,568238725626355712,"[41.97826134, -87.91247425]",41.97826134,-87.91247425,2015-02-18,18:40:44
@united This isn't a one time thing either! It's a shocking pattern of repeated neglect and disrespect.,3,36,570235698608869376,"[29.98377529, -95.33756559]",29.98377529,-95.33756559,2015-02-24,6:55:59
@united this may be the last time I fly your airline.,2,39,568164374248067072,"[38.94494175, -77.45367931]",38.94494175,-77.45367931,2015-02-18,13:45:17
@united thnx for the info,2,27,570187940221071360,"[35.8057062, -78.7869445]",35.8057062,-78.7869445,2015-02-24,3:46:13
@united tonight you made this Fred Flintstone happy with an upgrade to 1st class. http://t.co/gKgKZLAwpR,1,8,569292823805042688,"[26.07294988, -80.14147128]",26.07294988,-80.14147128,2015-02-21,16:29:20
@united tried to check it 40 mins before a flight rather than 45 mins and we are stonewalled by your employees...,4,47,567901996763602945,"[36.08652135, -115.13941959]",36.08652135,-115.1394196,2015-02-17,20:22:41
@united UA1469. Just landed.,2,24,569716594731044865,"[27.9746606, -82.5320172]",27.9746606,-82.5320172,2015-02-22,20:33:15
@united UA63 from Madrid arrived no agent mass confusion we sent to and fro by 3 UA employees. MaryJo was rude and unhelpful.,5,9,570053417311342593,"[41.97758714, -87.91388554]",41.97758714,-87.91388554,2015-02-23,18:51:40
@united Ugh.  My bags were sent to Palm Springs and not to LAX as promised.  They better be at the hotel when I get there.,0,18,567895077189627905,"[34.01352255, -117.44528297]",34.01352255,-117.445283,2015-02-17,19:55:12
@united uh - I booked it through the UA website. Why the price change?,4,13,568821307766222848,"[25.07772121, 55.13822432]",25.07772121,55.13822432,2015-02-20,9:15:42
@united unfortunately still on the Tarmac at @fly2ohare and definitely missing my ride from @flypdx #GonnaBeALongNight,0,45,570091033368899584,"[41.9785651, -87.90833965]",41.9785651,-87.90833965,2015-02-23,21:21:08
"@united unless it's on you guys, im good.",4,47,567921406807261184,"[27.98622757, -82.5414547]",27.98622757,-82.5414547,2015-02-17,21:39:49
"@united very exasperating I'm having a difficult time with Flight Booking Problems as the error message says you're undergoing maintenance. Really, now?",3,8,569007629868998656,"[41.86591215, -87.6231126]",41.86591215,-87.6231126,2015-02-20,21:36:05
@united Very impressed so far. An app that's worth a damn and sms updates on my flight.,2,3,569159619710361600,"[39.74529398, -104.99225976]",39.74529398,-104.9922598,2015-02-21,7:40:02
@united we've been seating for 5hrs inside flight UA936 at #IAD delayed. We've only been offered water &amp; cookies in business class. #failed,2,40,569338724787593216,"[38.95801195, -77.44365722]",38.95801195,-77.44365722,2015-02-21,19:31:44
@united Well the bar is set low! You guys are really good at the apology game! What will change? When will u guys learn?,4,25,570074583379939328,"[41.88298649, -87.63403627]",41.88298649,-87.63403627,2015-02-23,20:15:46
"@united Well, It's LA and then a 2hr+ car ride to a dark Palm Springs technically. Maybe I'll get bumped to 1st class Den to PHL on Friday:)",2,30,567808255566602240,"[39.85861725, -104.67232956]",39.85861725,-104.6723296,2015-02-17,14:10:12
@united what do you have in mind?,0,2,568617891412574208,"[37.6205514, -122.3867929]",37.6205514,-122.3867929,2015-02-19,19:47:24
@united what is your plan to reduce delays?,2,11,568639242483556352,"[40.71288929, -74.16612474]",40.71288929,-74.16612474,2015-02-19,21:12:14
@united when a 2 hour flight turns into a 3:30 ordeal...sigh,2,12,568975398236659712,"[29.98498519, -95.3338971]",29.98498519,-95.3338971,2015-02-20,19:28:00
"@united When my United flight arrives Late Flight and I'm told to re-book my connecting United flight, you characterize that as a ""no show""",2,1,569567685719101440,"[29.98707518, -95.33783524]",29.98707518,-95.33783524,2015-02-22,10:41:32
@united when will you offer real food in american clubs like the amazing food you offer in Heathrow?,5,39,567891481555382272,"[41.9797415, -87.9099894]",41.9797415,-87.9099894,2015-02-17,19:40:54
@united Where are my bags!!!  They weren't in LAX like your promised.  9 out of 10 things today were a mess today because of you.,4,47,567919391515348992,"[33.75348859, -116.36209633]",33.75348859,-116.3620963,2015-02-17,21:31:49
@united while busy on his cell phone ???,4,18,569128289178152960,"[18.47233225, -68.39941165]",18.47233225,-68.39941165,2015-02-21,5:35:32
@united who authors this fiction? I just heard on radio we don't even have a jetway secured yet #UA5037 #CMH http://t.co/T78k7aBtWF,1,25,569539000312188928,"[39.99829207, -82.88085401]",39.99829207,-82.88085401,2015-02-22,8:47:33
@united why couldn't you have changed the tire of my delayed UA1127 flight when it arrived instead of waiting until boarding?,4,16,567927725815496704,"[37.62063433, -122.38946673]",37.62063433,-122.3894667,2015-02-17,22:04:56
@united Why do I still not have my bags? They arrived @10AM &amp;website says they're still at the airport..2 1/2 hours Late Flightr???!! #nothappy,4,45,569188938012880896,"[33.89638659, -84.33108377]",33.89638659,-84.33108377,2015-02-21,9:36:32
@united why don't you de-ice while the plane sits there with no one in it for 2 hours ?? Or we could just delay :/,1,36,569508469088387072,"[40.6941088, -74.17545854]",40.6941088,-74.17545854,2015-02-22,6:46:14
@united why don't you ever print my known #traveler number on my ticket? Because of this I never get to use the #TSA prescreen I paid for,2,16,569331162897739776,"[37.61839686, -122.38751]",37.61839686,-122.38751,2015-02-21,19:01:41
"@united Why tell us flight is delayed, then tell us it's on time again with 20 min to spare? Don't say it's delayed unless you're sure!",5,34,570066391388172290,"[33.9411179, -118.3972405]",33.9411179,-118.3972405,2015-02-23,19:43:13
@united with about 25 people trying to get on flights,1,22,569514124490579969,"[29.98872603, -95.3384666]",29.98872603,-95.3384666,2015-02-22,7:08:42
"@united working with Lisa J at ORD. she's working hard for us, but this is still VERY disappointing. was on 634 to EWR.",3,33,569871433662271488,"[41.97883697, -87.90639116]",41.97883697,-87.90639116,2015-02-23,6:48:32
@united Worst airline ever?,4,6,569217317315354624,"[33.84445776, -116.55139365]",33.84445776,-116.5513937,2015-02-21,11:29:18
"@united worst airline in the world-8 delays, gate agent loses her mind over 1.5 lbs and charges me $100 on top of the $25 I already paid!!",0,21,568538872637816832,"[35.23896405, -120.64046203]",35.23896405,-120.640462,2015-02-19,14:33:24
@united Worst customer non-service for sure!,1,2,569217440250331136,"[33.84438223, -116.5516582]",33.84438223,-116.5516582,2015-02-21,11:29:47
@united Yes I needed plenty of assistance but received none.,2,12,568949970080018433,"[38.26810946, -82.12153441]",38.26810946,-82.12153441,2015-02-20,17:46:58
@united yes lots. You have terrible customer service at Newark and despite raising a complaint there we were ignored hence the tweet,3,21,569991606385967107,"[40.6992418, -74.17884798]",40.6992418,-74.17884798,2015-02-23,14:46:03
@united Yes my flight was rebooked. I'm just losing trust in you if I want to get anywhere on time.,2,8,568622671287566336,"[40.69522398, -74.1760931]",40.69522398,-74.1760931,2015-02-19,20:06:23
@united Yes there were PLENTY of seats available.  So why did Vicky Thomas refuse to give one to a million mile flyer?,1,31,569011727532032001,"[39.77390684, -104.84537303]",39.77390684,-104.845373,2015-02-20,21:52:22
"@united yes, after landing at 930pm last night. Spoke to 10 baggage claim customer service reps. Finally spoke to one amazing ticket agent.",0,43,569280157678071808,"[35.00595547, -80.89437239]",35.00595547,-80.89437239,2015-02-21,15:39:00
"@united yes, supposed to be here by 6PM. I have a Board Meeting tomorrow. Fingers crossed.",1,13,568166099184783360,"[33.5089001, -112.02901444]",33.5089001,-112.0290144,2015-02-18,13:52:08
"@united Yes, though they have not located the bag yet. It was a lovely flight outside of that.",3,5,567884646270267392,"[40.84018945, -73.93737649]",40.84018945,-73.93737649,2015-02-17,19:13:45
@united Yo yo yo stuck on the tarmac for over 2 hours at @fly2ohare ... Going to miss my ride at @flypdx help please! #HelpImStuck #United,1,49,570079041547472896,"[41.97777091, -87.90782014]",41.97777091,-87.90782014,2015-02-23,20:33:29
@united You are a F&amp;$KING joke. Your customer service is woeful. If your staff tell a passenger that they will do something do it!,4,49,569729325546602497,"[39.84911904, -104.67447584]",39.84911904,-104.6744758,2015-02-22,21:23:50
@united you can't say the flight is pulled in and departs in 2 mins if boarding hasn't even started! http://t.co/2IKbP8gxWi,4,33,569534268130660352,"[39.99814659, -82.88058383]",39.99814659,-82.88058383,2015-02-22,8:28:45
"@united you mean like my mailing address and rate? By the surliness of my United ""coworkers"" I'm guessing our benefits aren't great.",1,6,568109878754934784,"[29.97877958, -95.33246329]",29.97877958,-95.33246329,2015-02-18,10:08:44
@united you need to follow me I order for me to DM....,1,16,568458701046050816,"[34.06979432, -117.57757056]",34.06979432,-117.5775706,2015-02-19,9:14:50
@united you suck. @SouthwestAir you're the best.,2,32,568941851228528642,"[37.61476852, -122.40521688]",37.61476852,-122.4052169,2015-02-20,17:14:42
@united you think you boarded flight AU1066 too early? I think so.,3,48,570304912468402177,"[19.43706642, -99.07927123]",19.43706642,-99.07927123,2015-02-24,11:31:01
"@united your app says flight UA936 to #ZRH departed 2:45hrs Late Flight, but 5 hours Late Flightr we are still seating inside the plane in #IAD.  #failed",0,45,569337916125798401,"[38.93770157, -77.4551004]",38.93770157,-77.4551004,2015-02-21,19:28:31
@united your flights are really cheap what's the catch,5,36,568593365601820672,"[38.21327338, -85.76378195]",38.21327338,-85.76378195,2015-02-19,18:09:56
@united your helpful agents in Club helped.  I am just out baggage fees and a night of my life.stop doing business with @SilverAirways,3,0,570001906199887872,"[26.07324041, -80.14510971]",26.07324041,-80.14510971,2015-02-23,15:26:59
"@united Your new mileage policy is awful. Before, I might have paid slightly more for United because of miles. Now there's no difference.",4,6,569213197485514752,"[40.73074756, -73.95248962]",40.73074756,-73.95248962,2015-02-21,11:12:56
@united your system is down and after being on hold for over 20 mins -Mia tells me she is going to charge a Flight Booking Problems fee?! Customer service?,3,24,569017631602139137,"[41.86589387, -87.62303178]",41.86589387,-87.62303178,2015-02-20,22:15:49
@united your website is a complete joke when using safari!,5,43,568832151119990784,"[28.34834331, -81.48581918]",28.34834331,-81.48581918,2015-02-20,9:58:47
@united your worker told us not to call because we'd be talking to someone in Thailand...,3,5,569710627649761282,"[45.67912434, -111.04847959]",45.67912434,-111.0484796,2015-02-22,20:09:33
"@united, we've been waiting for over an hour for our luggage- what gives?",5,1,569619208884977664,"[40.69672337, -74.17710665]",40.69672337,-74.17710665,2015-02-22,14:06:17
@united: No friendly skies from you today. 5hr+ weather delay in SFO followed by 1hr+ mechanical delay while sitting on plane. #NoFun,5,39,567828973893259264,"[37.61859126, -122.38385699]",37.61859126,-122.383857,2015-02-17,15:32:31
@united. Thanks United for the no running water and Late Flight flight from Grand Rapids to Denver,4,2,568112237765722113,"[39.85823091, -104.67802376]",39.85823091,-104.6780238,2015-02-18,10:18:07
"@united...lies lies lies....still sitting at the gate, have not moved an inch http://t.co/LulGnwEfFH",4,12,569310717393944577,"[38.95638224, -77.43898845]",38.95638224,-77.43898845,2015-02-21,17:40:26
@USAirways 2nd February in a row- stranded us when we try to return from Cancun! No contact info- no way to rebook! #badcustomerservice,1,50,569642526065471488,"[21.15192481, -86.82441431]",21.15192481,-86.82441431,2015-02-22,15:38:56
@USAirways 8 hrs of wait time is unbelieavle unaccpetable biggest airline in the world should have failback call centers,1,26,569470268474683393,"[25.7789509, -80.1353866]",25.7789509,-80.1353866,2015-02-22,4:14:26
@USAirways and @FlyKnoxville - bad weather should not be an excuse for not following established luggage procedures. #NoClothesNoInfo,1,23,570044019897556994,"[29.99653598, -95.53874781]",29.99653598,-95.53874781,2015-02-23,18:14:19
@USAirways but you guys switched me and didn't inform me of the chathes,4,41,568492323824381952,"[29.98442078, -90.25340271]",29.98442078,-90.25340271,2015-02-19,11:28:26
@USAirways done it! Process initiated Saturday morning.  Can't get info with website issues &amp; inadequate phone coverage.  How 2 get update??,3,29,570078379421990912,"[29.99135326, -95.52122091]",29.99135326,-95.52122091,2015-02-23,20:30:51
@USAirways I found a flight I want on @CheapOair. Is my @AmericanAir AA Advantage # applicable to earn miles on it since you're merging?,4,49,568246970126438400,"[33.79727578, -117.85043081]",33.79727578,-117.8504308,2015-02-18,19:13:29
@USAirways I have been I hold for 40 min. My 5:50 flight just got Cancelled Flightled and rescheduled for Monday. This is unacceptable!,5,49,569357079716229121,"[34.00912984, -84.37154603]",34.00912984,-84.37154603,2015-02-21,20:44:40
"@USAirways I would happily wait in the terminal near food, restrooms and non irritated passengers.",5,0,569937457837273088,"[33.43588637, -111.99965664]",33.43588637,-111.9996566,2015-02-23,11:10:53
"@USAirways I'm referring to email like this.  Just tell people when they GET the upgrade. Otherwise, we know already. http://t.co/N8UvCLMADA",1,3,569849281533874176,"[33.6424884, -84.4325976]",33.6424884,-84.4325976,2015-02-23,5:20:30
@USAirways I'm tired of paying for luggage &amp; less than stellar customer service @AmericanAir. #notafanofyourmerger,3,22,569709901737406464,"[33.80598632, -118.36571615]",33.80598632,-118.3657162,2015-02-22,20:06:39
"@USAirways if my flight, 4035, is delayed, what time do I have to arrive at BHM?",0,11,569616551239917569,"[33.50528024, -86.81047219]",33.50528024,-86.81047219,2015-02-22,13:55:43
@USAirways is anyone working today?? Anyone want to pick up a phone?,0,41,567808843373105152,"[25.8801693, -80.14141202]",25.8801693,-80.14141202,2015-02-17,14:12:32
@USAirways Look at that. The flight I have been trying to book for 3 days is gone. I guess someone got through. Thanks! Keep up the #Failing,3,16,569189550570016768,"[34.16721397, -118.3453091]",34.16721397,-118.3453091,2015-02-21,9:38:58
@USAirways my phone has been on hold since midght  fkn 7 hrs of hold ?? Unacceptable!!!!!!!!,1,35,569470441573609473,"[25.7789761, -80.1353923]",25.7789761,-80.1353923,2015-02-22,4:15:08
@USAirways so basically I am stuck paying for hidden fees and being bumped to an inferior flight. JetBlue here I come. #usairways #mergers,0,19,568496861797076992,"[29.99562368, -90.24376862]",29.99562368,-90.24376862,2015-02-19,11:46:28
@USAirways Southern Hospitality luggage delivery service from SAV is AWFUL. Great @ delivering empty promises but not luggage #8hrs&amp;waiting,0,46,569683111404908544,"[32.43487013, -80.64150369]",32.43487013,-80.64150369,2015-02-22,18:20:12
@USAirways sucks.  Flt 2692 Late Flight by 20 mins missed my connection.  Thanks for the 10 bucks and a middle seat on the next flt.,3,11,569305239834136576,"[33.43629607, -111.99894068]",33.43629607,-111.9989407,2015-02-21,17:18:41
@USAirways sure knows how to pamper customers they strand abroad. #badcustomerservice #fend4yourself #youareonyourown http://t.co/Pw1eudlcZg,3,35,569844782702338048,"[21.15194085, -86.82443877]",21.15194085,-86.82443877,2015-02-23,5:02:38
@USAirways thanks for a subpar travel experience and it's not even over yet #stepitup,4,42,569897798692286465,"[33.43790009, -111.99746652]",33.43790009,-111.9974665,2015-02-23,8:33:18
@USAirways Thanks. It would be better from the gate agent at C14 in Charlotte boarding flight 1791.,5,34,567832153670705152,"[27.96879606, -82.55192621]",27.96879606,-82.55192621,2015-02-17,15:45:09
@USAirways this is the aforementioned pilot. @AmericanAir sure you want to merge with these patron hitting hoodlums? http://t.co/C24cEfa9pl,3,16,567759344360783872,"[35.20346242, -80.92218024]",35.20346242,-80.92218024,2015-02-17,10:55:50
@USAirways understood and I am sympathetic. How do I get my $100 back? I shouldn't have to pay especially if YOU switched my flight.,4,50,568487367536996354,"[29.99894707, -90.27229299]",29.99894707,-90.27229299,2015-02-19,11:08:45
"@USAirways was switched to an American Airlines flight, not by choice, and now I am charged $50 for bags? Thought y'all merged?",3,4,568482472880697345,"[29.98730979, -90.25605983]",29.98730979,-90.25605983,2015-02-19,10:49:18
@USAirways Well I did miss it. But gate agents had rebooked boarding pass waiting when I landed. Time for lunch &amp; a beverage. Easy cheesy,3,9,570302023968694272,"[33.43720156, -111.99928786]",33.43720156,-111.9992879,2015-02-24,11:19:32
@USAirways where's my apology?,3,18,568079676612087808,"[30.44414315, -84.23627649]",30.44414315,-84.23627649,2015-02-18,8:08:43
@USAirways why does this flight keep getting delayed Late Flightr and Late Flightr?,3,31,569673913892003840,"[33.54774386, -86.75224256]",33.54774386,-86.75224256,2015-02-22,17:43:39
@USAirways why let passengers on board when there was an issue? Over an hour &amp; the pilot doesn't know when we'll leave.,1,31,569936893325897728,"[33.43824974, -111.99987573]",33.43824974,-111.9998757,2015-02-23,11:08:38
"@USAirways you got me home 30 hours after you were supposed to... I was living in an airport, you offered no monetary assistance!",4,7,568083251866152960,"[30.44405028, -84.23614305]",30.44405028,-84.23614305,2015-02-18,8:22:56
"@VirginAmerica - the passenger in 7D, Flt 338 that assaulted me shouldn't have flown. I trust he's banned. Crew filed report to @FAANews",3,38,569083230361673728,"[26.06726717, -80.14433663]",26.06726717,-80.14433663,2015-02-21,2:36:29
@VirginAmerica amazing to me that we can't get any cold air from the vents. #VX358 #noair #worstflightever #roasted #SFOtoBOS,5,44,570207886493782019,"[42.361016, -71.02000488]",42.361016,-71.02000488,2015-02-24,5:05:28
@VirginAmerica Dad on Segway is the best part of this whole infographic!,0,16,567806884191944705,"[42.5696777, -71.42056878]",42.5696777,-71.42056878,2015-02-17,14:04:45
@VirginAmerica everything was fine until you lost my bag,0,6,569967019958730753,"[40.6413712, -73.78311558]",40.6413712,-73.78311558,2015-02-23,13:08:21
"@VirginAmerica help, left expensive headphones on flight 89 IAD to LAX today. Seat 2A. No one answering L&amp;F number at LAX!",4,23,570088404156698625,"[33.94209449, -118.40410103]",33.94209449,-118.404101,2015-02-23,21:10:41
@VirginAmerica How can I watch the #Oscars2015 on my JFK-&gt;SFO flight?,1,26,569649116487290880,"[40.64662464, -73.77090177]",40.64662464,-73.77090177,2015-02-22,16:05:07
@VirginAmerica I love this graphic. http://t.co/UT5GrRwAaA,1,23,570264145116819457,"[40.74804263, -73.99295302]",40.74804263,-73.99295302,2015-02-24,8:49:01
@VirginAmerica i need to change my flight thats scheduled in 9 hours and 120 min wait time on phone. Im calling intern. Help!!,1,14,569666477265018881,"[51.04345575, -114.06071363]",51.04345575,-114.0607136,2015-02-22,17:14:06
@VirginAmerica I was scheduled for SFO 2 DAL flight 714 today. Changed to 24th due weather. Looks like flight still on?,3,49,569881548515708928,"[37.79374402, -122.39327564]",37.79374402,-122.3932756,2015-02-23,7:28:43
@VirginAmerica LAX to EWR - Middle seat on a red eye. Such a noob maneuver. #sendambien #andchexmix,4,37,570124596180955136,"[33.94540417, -118.4062472]",33.94540417,-118.4062472,2015-02-23,23:34:30
@VirginAmerica loved it. Can't wait for Monday's return flight... Mostly just to watch the inflight safety video again. #sorrynotsorry,5,4,568815689684815873,"[37.77465018, -122.44032176]",37.77465018,-122.4403218,2015-02-20,8:53:23
@VirginAmerica morning. If I have a question regarding elevate points &amp; flights can I DM you?,1,33,567742148603170816,"[37.80065252, -122.43857414]",37.80065252,-122.4385741,2015-02-17,9:47:31
"@VirginAmerica Nice, Lofty View @flyLAXairport. #SilverStatus http://t.co/F4Tp0dAwbd",4,43,568577243200376833,"[33.94696831, -118.40747994]",33.94696831,-118.4074799,2015-02-19,17:05:53
"@VirginAmerica not worried, it's been a great ride in a new plane with great crew. All airlines should be like this.",2,39,569942903683813376,"[36.08457854, -115.13780136]",36.08457854,-115.1378014,2015-02-23,11:32:31
"@VirginAmerica should I be concerned that I am about to fly on a plane that needs to be delayed due to a ""tech stop""?",4,36,569847920192655361,"[26.074379, -80.1416831]",26.074379,-80.1416831,2015-02-23,5:15:06
@VirginAmerica thanks for gate checking my baggage on your full flight dfw-lax 883 and giving me early boarding too #sweet,4,48,568929979981033472,"[32.8454782, -96.8504585]",32.8454782,-96.8504585,2015-02-20,16:27:32
@VirginAmerica this is great news!  America could start flights to Hawaii by end of year http://t.co/r8p2Zy3fe4 via @Pacificbiznews,4,46,570076792993611776,"[33.2145038, -96.9321504]",33.2145038,-96.9321504,2015-02-23,20:24:33
@VirginAmerica you got cheese pLate Flights too.,0,41,567807278964023296,"[40.78986648, -73.10068286]",40.78986648,-73.10068286,2015-02-17,14:06:19
@VirginAmerica you have the absolute best team and customer service ever.  Every time I fly with you I'm delighted.  Thank you!,4,5,569675144353828864,"[33.9469039, -118.40716847]",33.9469039,-118.4071685,2015-02-22,17:48:33
@VirginAmerica you will match my #AmericanAirlines status? Cool!,0,13,569304436612444160,"[38.9128188, -77.00798226]",38.9128188,-77.00798226,2015-02-21,17:15:29
@VirginAmerica your website sucks donkey dicks. Just thought you should know. All best.,5,33,568157680696729600,"[40.63767372, -74.11075451]",40.63767372,-74.11075451,2015-02-18,13:18:41
Always have it together!!! You're welcome! RT @VirginAmerica: @jessicajaymes You're so welcome.,5,38,569599867716132864,"[33.94652852, -118.40766257]",33.94652852,-118.4076626,2015-02-22,12:49:25
At the airport ready to get this @JetBlue red eye going.... Soooooo sleepy.  #NoPlaceLikeHome #eventhoughits2degreesathome,0,37,570083989601411072,"[33.8191302, -118.1455457]",33.8191302,-118.1455457,2015-02-23,20:53:09
"Cool! ""@JetBlue: @hgeronemus We are 60% there and anticipate completing installation on all our A320's this year. http://t.co/sGckBopATA”",1,18,568929935273930752,"[26.07159064, -80.14770942]",26.07159064,-80.14770942,2015-02-20,16:27:21
STOP THIS “@JetBlue: Our fleet's on fleek. http://t.co/Ac6zwmuOOn”,1,34,569947514633191424,"[34.09548421, -81.20955847]",34.09548421,-81.20955847,2015-02-23,11:50:51
Thank you @united for your prompt assistance.,0,35,568842357069770752,"[43.68346133, -79.61394084]",43.68346133,-79.61394084,2015-02-20,10:39:21
"Wanted to get my bag benefit, but instead get $25 pricing on all three tickets. When adding a card, MP Visa is only option. @united",4,14,567623209026334720,"[38.9058375, -77.00423674]",38.9058375,-77.00423674,2015-02-17,1:54:53
"Yall tried it. ""@JetBlue: Our fleet's on fleek. http://t.co/62GoDFaKNB”",4,20,569934977963573248,"[33.78310211, -84.21250227]",33.78310211,-84.21250227,2015-02-23,11:01:02